Open,High,Low,Close,Volume,sentiment_polarity,sentiment_subjectivity,SMA_10,SMA_20,EMA_10,EMA_20,RSI,MACD,MACD_Signal,CloseTomorrow
397.24,399.41,395.58,398.91,91439734.0,0.1419253161312371,0.324268046062125,398.91,398.91,398.91,398.91,0.0,0.0,0.0,392.11
398.73,402.49,392.07,392.11,111699083.0,0.0700719578227415,0.329604192394161,395.51,395.51,397.6736363636364,398.26238095238097,0.0,-0.5424501424500932,-0.10849002849001864,393.17
395.09,399.29,390.35,393.17,119243819.0,0.0714253021284271,0.3983099972943723,394.73,394.73,396.85479338842975,397.77739229024945,13.486001657505952,-0.8767065202392246,-0.26213332683985985,395.75
391.841,395.84,389.4,395.75,107397124.0,0.1384522151416561,0.3279318394683301,394.985,394.985,396.6539218632607,397.5843073102257,34.865890364207615,-0.9227853744017693,-0.39426373635224177,396.49
398.12,398.92,395.56,396.49,74010408.0,0.1378080503939422,0.4717032067050342,395.286,395.286,396.6241178881223,397.48008756639473,39.17708795095236,-0.8893396290943656,-0.49327891490066655,395.6
395.77,396.49,393.69,395.6,62871680.0,0.0882447376907604,0.396265840903625,395.33833333333337,395.33833333333337,396.43791463573643,397.30103160769045,36.28830311172197,-0.9239979240347793,-0.5794227167274891,401.35
399.925,401.6,398.68,401.35,77497876.0,0.0727182539682539,0.3921371452621452,396.19714285714286,396.19714285714286,397.33102106560256,397.68664764505326,56.84622103943174,-0.48193250925550046,-0.5599246752330914,403.7
404.09,404.35,401.76,403.7,69726849.0,0.0665556955538559,0.3027726808319347,397.135,397.135,398.48901723549295,398.25934786933385,61.87404892819317,0.057371533768218796,-0.4364654334328294,409.39
404.66,409.7,404.55,409.39,112024624.0,0.1333354120159675,0.3338112838807283,398.49666666666667,398.49666666666667,400.4710141017669,399.31940997701633,70.26293263327679,0.9331525186583463,-0.16254184301459426,410.95
408.85,411.37,408.44,410.95,67331097.0,0.1496987433862434,0.411744708994709,399.742,399.742,402.37628426508195,400.4270852173005,71.9547539171121,1.7331159396559315,0.21658971351951087,408.67
411.62,411.92,407.24,408.67,66526534.0,-0.0641162367724867,0.3352513227513228,400.718,400.5536363636364,403.5205962168852,401.2121247204147,66.43095406365185,2.158236956794667,0.6049191621745421,407.6
407.91,408.7,405.88,407.6,64855243.0,0.134761234796949,0.474171768707483,402.267,401.1408333333334,404.26230599563337,401.82049379466093,64.1208740549362,2.3813575604585253,0.9602068418313388,409.19
406.77,409.48,405.678,409.19,63743345.0,0.0864691456731514,0.3671497495894287,403.869,401.76,405.1582503600637,402.5223515285027,65.88378273778144,2.6558667791642847,1.299338829297928,409.61
406.61,409.69,405.97,409.61,63681042.0,0.1118998628257887,0.3225284146580442,405.255,402.32071428571425,405.96765938550664,403.1973656686453,66.32090109299227,2.8741760897837025,1.6143062813950828,409.72
410.26,411.18,408.92,409.72,59297945.0,0.1429124032533123,0.4868680637544273,406.57800000000003,402.814,406.6499031335963,403.81856893829814,66.43353815538057,3.021236933262969,1.8956924117686602,408.05
411.87,412.17,407.44,408.05,86413179.0,0.1127203846500721,0.3443274936868686,407.823,403.14125,406.9044662002151,404.22156237274595,78.71033494435564,2.9688061190855706,2.110315153232042,413.47
409.18,413.84,407.9922,413.47,85785954.0,0.0957183746019471,0.2460488706461593,409.03499999999997,403.74882352941177,408.0981996183578,405.10236595629397,81.60021349928435,3.3262599698686586,2.3535041165593658,412.46
412.81,415.09,410.06,412.46,78155845.0,0.1437291661355036,0.4154710677653605,409.91100000000006,404.2327777777778,408.89125423320183,405.80309300807545,77.34857339181575,3.487840508574891,2.580371394962471,413.94
412.37,413.96,411.085,413.94,66321399.0,0.0400372775372775,0.2977212602212602,410.366,404.74368421052634,409.80920800898326,406.57803653111586,77.88427323810077,3.692750155611634,2.802847147092304,414.21
415.58,415.72,412.7802,414.21,63550097.0,0.0133929677134011,0.5452820286009141,410.692,405.217,410.6093520073499,407.3048901948191,80.33905690424521,3.8327477405480295,3.008827265783449,414.14
412.22,415.08,412.16,414.14,55227330.0,0.1431069703243616,0.453755348516218,411.23900000000003,405.97850000000005,411.25128800601357,407.9558530334078,75.59019374699022,3.8931703755773697,3.1856958877422334,411.88
411.21,413.7,410.27,411.88,75840359.0,0.097206260450308,0.2758924992555945,411.66700000000003,406.967,411.36559927764745,408.3295813159404,66.42566546348127,3.715858532645086,3.2917284167228043,412.2
412.19,412.68,410.17,412.2,73107422.0,0.2133423440083104,0.3882685124554872,411.968,407.9185,411.5173084998933,408.69819261918417,57.194019420569795,3.5601200969272213,3.345406752763688,412.63
411.99,413.07,410.6,412.63,64324595.0,0.0835287271468101,0.34621055942301,412.27,408.76250000000005,411.7196160453673,409.07265046497616,54.56517587432271,3.431833629092125,3.3626921280293756,406.08
410.58,411.16,406.02,406.08,96743071.0,0.0593049293542714,0.3832201442563285,411.90600000000006,409.242,410.6942313098459,408.7876361349784,44.287577413935374,2.7697079505422266,3.244095292531946,404.36
406.72,407.84,403.78,404.36,80447049.0,0.1167312402960551,0.4294227471773768,411.537,409.68,409.54255288987395,408.3659565030757,43.05314739519453,2.0821769152049683,3.0117116170665508,412.41
407.0,412.69,406.74,412.41,92943619.0,0.0718066992387644,0.2659234947821904,411.43100000000004,410.233,410.06390690989684,408.75110350278277,55.40628691443868,2.161949728941238,2.8417592394414886,415.93
411.49,415.94,411.43,415.93,89433137.0,0.1163862598911618,0.4146214714842166,411.77799999999996,410.8445,411.1304692899156,409.43480793108915,59.61068021443054,2.480609913732451,2.7695293742996814,415.51
415.47,417.62,415.265,415.51,62012504.0,0.0877130551456531,0.4072378057672175,411.93500000000006,411.1505,411.92674760084003,410.01339765193785,58.72248200919703,2.6684991193240535,2.749323323304556,410.84
414.77,414.82,407.82,410.84,103880184.0,0.1038972096743835,0.5238847637869377,411.59799999999996,411.145,411.72915712796,410.0921216850866,53.854635148800945,2.4127599029718567,2.6820106392380163,408.02
411.36,413.87,407.77,408.02,91531769.0,0.1358820892911802,0.3647070816388998,410.986,411.1125,411.0547649228763,409.8947767626974,41.8874490495895,1.9599413157674803,2.5375967745439096,405.13
406.93,407.27,403.74,405.13,94831863.0,0.1612998254225932,0.4430079687177901,410.311,410.9889999999999,409.9775349368988,409.44098849958334,39.66730884290039,1.3522920942738779,2.3005358384899033,412.63
408.91,413.72,408.64,412.63,87627791.0,0.0666670196275459,0.2623197453131664,410.354,411.16099999999994,410.45980131200804,409.7447038805754,48.42129000004676,1.4590935065592703,2.1322473721037767,412.74
412.97,413.24,411.28,412.74,50046768.0,0.0210262296625933,0.4196560888606342,410.36499999999995,411.3175,410.87438289164294,410.0299701776635,48.22161444223081,1.5349169092721695,2.0127812795374553,410.93
411.13,412.09,410.6894,410.93,49215359.0,0.0874246668364315,0.4369368757604051,410.85,411.378,410.8844950931624,410.11568730360034,46.27349320109348,1.4324433141410395,1.8967136864581724,412.85
413.88,414.535,408.87,412.85,96142922.0,0.1503826530612244,0.4363052721088435,411.69899999999996,411.61800000000005,411.2418596216783,410.3760980365908,51.13501718019567,1.488995986740349,1.8151701465146077,412.13
411.95,412.43,409.97,412.13,70147264.0,0.0712654616338826,0.3722345605174553,411.671,411.55100000000004,411.40333969046407,410.54313631882025,49.91883378475139,1.4588991235433468,1.7439159419203556,411.59
413.42,413.64,409.07,411.59,70481548.0,0.0918353863536155,0.4410537918871252,411.23699999999997,411.5075,411.43727792856146,410.64283762178974,48.79739400639415,1.3756164059554976,1.670256034727384,413.01
412.22,413.43,410.23,413.01,54289383.0,0.1095275642724622,0.4627444465964874,410.98699999999997,411.46099999999996,411.7232273960957,410.8682816578098,59.09208010262079,1.4079662265809247,1.6177980730980923,410.25
411.86,412.815,410.24,410.25,57705495.0,0.015672123015873,0.3834176587301587,410.928,411.26300000000003,411.4553678695328,410.80939769039935,57.5223293662168,1.1970953883064226,1.5336575361397584,415.23
412.35,415.855,410.635,415.23,86786957.0,-0.0943824404761904,0.5184275793650794,411.649,411.3175,412.1416646205268,411.23040743417084,53.90796134391742,1.4155060376548363,1.5100272364427743,419.23
414.9,419.67,414.67,419.23,97177195.0,0.0923553920726539,0.4385813921528207,413.059,411.68500000000006,413.4304528713401,411.99227339282123,54.51310822802202,1.8895826884245253,1.5859383268391247,418.62
420.17,420.72,417.35,418.62,103793317.0,0.108769341381389,0.396620086556353,413.658,412.006,414.3740068947328,412.6234854506478,54.23127185747467,2.1908155893020194,1.7069137793317037,418.79
418.64,420.39,417.35,418.79,60717899.0,0.0662164167779141,0.3529145156685264,414.26300000000003,412.31399999999996,415.1769147320541,413.2107725505861,62.325554339294264,2.4154189664646424,1.8486148167582916,414.09
417.08,418.722,413.68,414.09,86383493.0,0.1308913813459268,0.3811688311688312,414.579,412.71449999999993,414.9792938716806,413.29450849814936,58.892445810306384,2.1889353563616396,1.9166789246789613,411.09
412.42,412.82,409.8795,411.09,89201678.0,0.088335699408616,0.3955969362427696,414.40299999999996,413.05100000000004,414.272149531375,413.0845553078494,58.70324702554145,1.747229560909318,1.8827890519250328,414.65
414.74,416.16,412.4101,414.65,90961606.0,0.1126233537296037,0.3702202297702298,414.65500000000003,413.163,414.34084961657953,413.2336452785304,53.33330869088042,1.6652409227525595,1.8392794260905383,420.02
415.33,420.77,415.25,420.02,93829975.0,0.1089188311688311,0.4518667027417027,415.49799999999993,413.3675,415.37342241356504,413.8799647758132,60.23619675740276,2.0104037740799185,1.8735042956884145,420.18
422.03,422.58,418.735,420.18,72207960.0,0.0362268518518518,0.2219907407407407,416.21500000000003,413.601,416.2473456110987,414.4799681304977,63.639018255787136,2.270683457893881,1.9529401281295078,417.85
418.28,419.22,416.22,417.85,110782530.0,0.0719950622294372,0.2894751082251082,416.975,413.9515,416.5387373181717,414.8009235466408,57.284358916636776,2.262860606660979,2.014924223835802,421.82
418.09,422.92,416.79,421.82,88758018.0,0.1228802606253586,0.3515487322227518,417.634,414.6415,417.4989668966859,415.4694070183893,62.895904164422156,2.5476391635963296,2.1214672117879076,427.92
424.5,428.74,423.95,427.92,91426171.0,0.1446268835300419,0.44912382627523,418.503,415.78099999999995,419.3937001881975,416.6551777785427,68.9311160436906,3.2283330282767793,2.3428403750856823,427.1
428.28,429.67,426.37,427.1,70168016.0,0.0435150122897158,0.3243827821644027,419.351,416.5045,420.7948456085252,417.6499227520148,66.56475589215654,3.6594369618210294,2.606159692432752,428.03
426.67,428.5772,425.99,428.03,63706675.0,0.0527299856281711,0.4408168922811059,420.275,417.26899999999995,422.11032822515693,418.6385015375372,71.8427271302658,4.029681502782239,2.890864054502649,426.55
428.44,429.62,426.11,426.55,85344025.0,0.0208412449619346,0.295013434841021,421.521,418.05,422.9175412751284,419.3919775815813,65.21502922015029,4.155774160198746,3.1438460756418687,429.13
426.62,429.6,425.82,429.13,61952842.0,0.1685714285714285,0.5006825396825396,423.325,418.86400000000003,424.047079225105,420.31940828809735,63.83451946106,4.413017419881783,3.397680344489852,429.9
429.96,431.99,428.87,429.9,85647268.0,0.1546383978675645,0.4023896955667789,424.85,419.75249999999994,425.11124663872226,421.23184559399283,65.69279577910012,4.625694988922476,3.643283273376377,433.8
430.92,433.88,430.17,433.8,76256703.0,0.080799062049062,0.5100130772005772,426.22799999999995,420.863,426.69101997713636,422.4288126802792,68.91855394858193,5.0507193522573175,3.924770489152565,436.66
435.32,437.33,434.63,436.66,95847204.0,0.1300780415928608,0.41145445269382,427.87600000000003,422.0455,428.50356179947516,423.7841638535859,79.83079255535048,5.554305741169173,4.250677539555887,437.18
437.01,439.0612,433.59,437.18,100603680.0,0.1026018871353255,0.3669221055425537,429.809,423.392,430.0810960177524,425.05995777229197,86.9023701093868,5.927038031727761,4.585949637990262,442.6
436.33,443.9,436.23,442.6,110195091.0,0.058915554647785,0.3061077393920531,431.887,424.76050000000004,432.357260378161,426.7304379844546,87.5570753614875,6.583884834510457,4.985536677294301,439.46
443.02,443.6078,438.97,439.46,114165849.0,0.1729570928584086,0.4008289347105137,433.041,425.77200000000005,433.6486675821317,427.9427772240304,77.78727589988961,6.772994040855679,5.343028150006577,437.18
437.45,438.37,435.03,437.18,75935359.0,0.148723242035742,0.3382865190365191,434.049,426.7,434.2907280217441,428.8225127265037,72.91102369934421,6.662091065304423,5.606840733066147,434.94
436.16,436.99,434.33,434.94,76840751.0,0.0473444009694009,0.4251458402708403,434.73999999999995,427.5075,434.40877747233606,429.40513056207476,73.08832685121385,6.320590545253765,5.749590695503671,436.51
433.95,436.62,433.6,436.51,70510175.0,0.106573593073593,0.3243008658008658,435.73600000000005,428.6285,434.7908179319113,430.0817847942581,71.2221613085739,6.106245801108514,5.82092171662464,433.21
432.93,435.06,432.47,433.21,91981537.0,0.132327841505473,0.3651285799970011,436.14399999999995,429.7344999999999,434.50339648974557,430.3797100519478,58.314969619315434,5.605477174771238,5.77783280825396,431.44
432.62,434.61,431.19,431.44,72723560.0,0.0687536443148688,0.4278301970138705,436.29799999999994,430.57399999999996,433.9464153097918,430.48069004700045,56.623907425680564,5.008060419951221,5.623878330593412,436.17
432.35,436.81,431.88,436.17,73064702.0,0.1121298175204425,0.3523118837181337,436.535,431.3815000000001,434.3507034352842,431.0225290901433,61.13236171080246,4.860248883611348,5.471152441196999,436.39
435.05,437.44,434.41,436.39,75635976.0,0.1562327924435767,0.3495733007007516,436.508,432.192,434.7214846288689,431.5337167958439,63.93765169611544,4.706604530255447,5.318242859008689,438.11
435.96,438.28,435.54,438.11,67882304.0,0.1761617288961039,0.3879374098124098,436.601,433.20500000000004,435.3375783327109,432.160029481954,63.03714046109273,4.669799358477974,5.188554158902546,443.28
441.44,444.3,441.11,443.28,104964019.0,0.0744827279202279,0.3405573361823361,436.66900000000004,434.27799999999996,436.7816549994907,433.21907429319646,67.22448658231687,5.000167963399008,5.1508769198018385,443.79
442.92,444.08,442.63,443.79,32593378.0,0.0686526590693257,0.4487137091303758,437.10200000000003,435.0715,438.0558995450378,434.22582912241586,64.09024267240062,5.242705554566157,5.169242646754703,443.13
441.91,443.889,441.9,443.13,58418432.0,0.2044307306255835,0.3156578047885821,437.69699999999995,435.87299999999993,438.9784632641218,435.0738453964715,59.729298159092444,5.3203323789328465,5.199460593190332,439.66
439.42,440.1,437.06,439.66,80658302.0,0.1338728889423333,0.4607967639356529,438.16900000000004,436.4545,439.10237903428146,435.510622025379,53.42539370288644,5.043711430742292,5.168310760700724,438.55
438.63,442.64,438.3,438.55,85434178.0,0.1056472243643296,0.4257201765096502,438.37299999999993,437.0545,439.0019464825939,435.8000865943905,43.650027873929425,4.68096041514292,5.070840691589163,439.66
438.18,439.84,437.585,439.66,62443501.0,0.0851037790182526,0.3749709184577606,439.01800000000003,437.581,439.1215925766677,436.16769739492474,50.334872582444284,4.431956509301301,4.943063855131591,442.46
440.45,442.97,439.44,442.46,64463752.0,0.0054018843404808,0.2722638076673164,440.12,438.209,439.7285757445463,436.76696430969383,58.68990053789964,4.409723175558781,4.836395719217029,446.02
446.39,447.4799,444.91,446.02,91895927.0,0.1209457671957671,0.4173478835978835,441.105,438.82,440.8724710637197,437.64820580400874,67.4763108937428,4.626039245412244,4.794324424456072,449.56
447.9,450.38,447.45,449.56,71975241.0,0.1458104858104857,0.4322717652717653,442.422,439.465,442.452021779407,438.78266239410317,69.37924053135232,5.025192414153139,4.840498022395485,449.28
450.475,451.36,448.49,449.28,69695823.0,0.1591049382716049,0.3313470017636684,443.53899999999993,440.07,443.69347236496935,439.78240883276,76.21529960801972,5.258315923404268,4.9240616025972415,450.84
449.13,451.93,449.08,450.84,52680221.0,0.1614672704746234,0.3413114459070341,444.29499999999996,440.48199999999997,444.992841025884,440.8355127534495,81.86592818255593,5.505483163718907,5.040345914821575,454.19
450.5,454.86,450.0484,454.19,80744448.0,0.2141288251079272,0.3204481457654832,445.33500000000004,441.21850000000006,446.6650517484505,442.1073686816924,81.00477859370602,5.90362862933614,5.213002457724489,455.2
455.01,456.43,454.1119,455.2,65639688.0,0.1617924031986532,0.5170401936026936,446.54200000000003,442.11949999999996,448.21686052145947,443.3542859501026,81.50749946046918,6.228857941379999,5.416173554455591,452.18
454.17,455.1,451.44,452.18,70575142.0,-0.0014730639730639,0.3620265151515151,447.79400000000004,442.9815,448.9374313357396,444.1948301453309,72.5842370407923,6.171771414447051,5.567293126453883,452.18
453.96,454.165,452.17,452.18,70940618.0,0.0997061087061087,0.4473209475709476,449.157,443.765,449.526989274696,444.95532251244225,67.1285242571463,6.05671192565967,5.665176886295042,454.2
453.37,455.04,452.298,454.2,54043580.0,0.0336174242424242,0.4999164438502674,450.611,444.81449999999995,450.3766275883876,445.83576798744775,68.93412276908984,6.058682845548105,5.743878078145654,455.44
453.92,456.735,453.87,455.44,54844740.0,0.1027526379870129,0.425021645021645,451.909,446.01449999999994,451.29724075413526,446.750456750548,71.92728867181899,6.090099573716543,5.813122377259832,455.51
454.47,456.99,453.38,455.51,70897885.0,0.1149712067767623,0.4143437015659237,452.858,446.9815,452.0631969806561,447.5846989647815,82.123990687642,6.050895020871678,5.860676905982202,452.49
459.02,459.44,451.55,452.49,92090375.0,0.1601035278379028,0.3403646584896584,453.151,447.7865,452.14079752962766,448.0518704919452,76.22268370513275,5.7103114535901796,5.830603815503798,456.92
455.88,457.78,452.4918,456.92,80001790.0,0.0682049663299663,0.5336296296296297,453.91499999999996,448.727,453.00974343333166,448.8964542546171,78.86283932843644,5.731788015365737,5.810840655476186,457.79
457.41,458.16,456.045,457.79,61970449.0,0.1616691539454697,0.3871774417103364,454.60999999999996,449.45250000000004,453.8788809909077,449.7434586113202,77.40432307255911,5.752696569288332,5.799211838238615,456.48
456.27,457.25,455.49,456.48,55478674.0,0.0974916142884892,0.3569436639749139,454.83900000000006,450.087,454.35181171983356,450.38503398167063,70.33433185534041,5.5990186947913685,5.759173209549166,450.13
453.25,453.52,449.3499,450.13,93933369.0,0.2282486040668261,0.3955924395276452,454.332,450.437,453.58420958895476,450.3607450310353,50.99892344952931,4.908256614261859,5.588989890491705,448.84
448.04,450.79,447.37,448.84,63910792.0,0.0501233766233766,0.4286212121212121,453.99800000000005,450.896,452.72162602732664,450.21591217093675,49.25522377883775,4.208220720806992,5.312836056554763,446.81
450.72,452.895,446.27,446.81,100128902.0,0.1796042568542568,0.5262712842712842,453.46099999999996,451.309,451.6467849314491,449.8915395832285,43.285551282981785,3.4498652974927495,4.940241904742361,450.71
448.71,450.865,447.99,450.71,58328464.0,0.0160762053054543,0.3885905925431617,453.11199999999997,451.8615,451.4764603984583,449.9694881943496,44.306262425141526,3.1275085949246204,4.577695242778813,448.75
448.08,450.6952,445.2705,448.75,71319824.0,0.0273936735778841,0.4797545631756159,452.44300000000004,452.17600000000004,450.9807403260113,449.8533464615544,39.76513625160559,2.682955524879219,4.198747299198895,445.75
449.03,449.1999,444.96,445.75,78789575.0,0.0784972514258228,0.3695287569573283,451.467,452.1625,450.0296966303729,449.462551560454,39.79039196362375,2.0647677289761077,3.7719513851543374,445.91
448.19,451.7,444.7,445.91,93005495.0,0.0604301476986662,0.3394200943492882,450.809,451.98,449.28066087939595,449.12421331660124,40.094768994415006,1.569665977439854,3.3314943036114406,445.65
443.97,446.7007,443.345,445.65,68636902.0,0.0193021584896584,0.2550342412217412,449.68199999999996,451.7985,448.6205407195058,448.7933358578773,35.69754099144953,1.1431370726471073,2.893822857418574,448.11
444.7,448.11,444.38,448.11,47825941.0,0.0066363636363636,0.3184564393939394,448.71399999999994,451.662,448.5277151341411,448.7282562523652,38.21920491581912,0.9921741179217634,2.513493109519212,442.89
446.27,446.64,442.3,442.89,75703284.0,0.1403769294678385,0.3549682430364249,447.355,451.0969999999999,447.50267601884264,448.17223184737804,32.59789144041703,0.44618121472757366,2.1000307305608845,439.64
442.46,444.18,439.53,439.64,80107206.0,0.1250770679430219,0.4198231894202289,446.3059999999999,450.3190000000001,446.07309856087124,447.359638338104,32.39242385601719,-0.24593494834164176,1.6308375947803793,436.29
441.16,441.43,435.75,436.29,95711315.0,0.1793609631109631,0.4809955256383827,445.05100000000004,449.5245,444.29435336798554,446.3053870678084,20.86980253664973,-1.05262499122108,1.0941450775800874,436.5
433.37,437.57,433.01,436.5,97499400.0,0.009809122884691,0.3390493850846123,444.02,448.7405,442.87719821017,445.3715406803981,19.366898672328603,-1.655899241440295,0.544136213776011,439.34
437.55,440.11,435.32,439.34,68703957.0,0.1036863972517381,0.4925589293913157,442.883,447.99750000000006,442.23407126286634,444.79710823464586,26.378159611514988,-1.883126654102739,0.058683640200260956,438.15
441.18,441.18,437.57,438.15,65053111.0,0.1833337432769251,0.4756823101141282,441.823,447.133,441.491512851436,444.1640503075367,30.75191418615684,-2.134622471384205,-0.37997758211663224,443.03
439.25,443.67,439.1,443.03,68441021.0,0.1563013227513227,0.4066708994708994,441.55100000000004,446.509,441.77123778753855,444.0560455163427,41.63063719882106,-1.918049422571812,-0.6875919502076683,436.89
444.69,445.22,436.855,436.89,88351064.0,0.1308861034367043,0.4729830210024707,440.649,445.729,440.8837400079861,443.3735649909768,37.22306746205705,-2.216312140196635,-0.9933359882054617,439.97
438.68,441.3,435.0,439.97,102325103.0,0.2467052068302068,0.3937537277537277,440.081,444.8815000000001,440.71760546107953,443.04941594421706,35.86840783795509,-2.1790386324645397,-1.2304765170572773,442.76
442.24,443.4,439.9728,442.76,61595393.0,0.1881073083026208,0.4133933324558325,439.546,444.12999999999994,441.08894992270143,443.0218525209583,42.28687633231345,-1.9024392901392275,-1.3648690716736673,449.16
442.65,449.45,442.46,449.16,83077916.0,0.1684640456162195,0.4187278370783805,440.17300000000006,443.764,442.55641357311936,443.60643799515276,54.03739624618645,-1.153508873330054,-1.322597032004945,451.01
449.51,451.67,448.78,451.01,69053911.0,0.1320496790409071,0.3307185157272876,441.30999999999995,443.808,444.09342928709765,444.3115391384715,55.80599314016609,-0.40601628040747073,-1.13928088168545,450.35
451.65,452.83,450.16,450.35,66084563.0,0.0918417558521725,0.3508843770041687,442.716,443.8835,445.2309875985344,444.88663064909326,55.30232910124989,0.13160345798388562,-0.885104013751583,451.19
453.17,453.67,449.68,451.19,58944098.0,0.101434174915212,0.4519966144966145,444.18499999999995,444.10249999999996,446.3144443988008,445.4869515396558,53.60653980113448,0.6183242962337658,-0.5844183517545133,449.24
450.73,451.06,449.17,449.24,54634810.0,0.0701597071909572,0.4648075622294372,445.175,444.029,446.8463635990188,445.84438472635526,58.05222387189623,0.8370563000336801,-0.30012342139687465,446.22
448.4,448.51,443.81,446.22,70758512.0,0.0813545159438879,0.4420345855611556,445.98199999999997,443.9025,446.7324793082881,445.88015760955955,58.392836288272846,0.7579767440360001,-0.08850338831029969,444.85
443.11,445.55,442.75,444.85,70348426.0,0.0946013374485596,0.2514359200470311,446.16400000000004,443.85749999999996,446.39021034314476,445.7820473610301,61.499170849317835,0.5780941660431154,0.04481612256038332,445.52
444.9,447.11,444.53,445.52,62068437.0,0.1707826632336436,0.4325847210160936,447.02700000000004,443.838,446.23199028075476,445.7570904695034,61.96919141272084,0.48401984805957454,0.13265686766022156,448.45
448.24,448.77,446.4699,448.45,59977618.0,0.1186801687895438,0.5294271026754043,447.875,443.97800000000007,446.6352647751629,446.01355804383644,62.0598128451846,0.6385311961003026,0.23383173334823776,445.99
446.95,448.53,445.39,445.99,67565422.0,0.0985262817248111,0.3272553263729734,448.198,443.872,446.5179439069515,446.01131442061387,60.040962075474745,0.5560710705356655,0.29827960078572335,446.51
446.22,447.71,445.0793,446.51,60123672.0,0.0760900172327589,0.3847097390183676,447.933,444.05300000000005,446.516499560233,446.05880828531735,55.01727882808818,0.5266100482779734,0.3439456902841734,450.36
449.07,451.08,447.715,450.36,83133514.0,0.2498145859987965,0.5071243206111627,447.86800000000005,444.58899999999994,447.2153178220088,446.4684455914776,70.79342417079548,0.8046493037937239,0.4360864129860835,443.37
447.14,447.48,442.92,443.37,111798734.0,0.0752665158915159,0.4241690485440485,447.16999999999996,444.94300000000004,446.51616912709807,446.17335553514636,54.683174502356934,0.4557096971033161,0.4400110698095301,443.63
443.05,444.97,442.56,443.63,55752213.0,0.119226394973944,0.4176390883988923,446.41400000000004,445.29949999999997,445.9914111039893,445.9311311984658,51.28810429276104,0.19787143320507994,0.39158314248864007,442.71
442.68,443.29,439.94,442.71,66514648.0,0.1913098339350166,0.3997444715372347,445.7610000000001,445.468,445.394790903264,445.6243567986119,38.60019298682553,-0.07978386111068403,0.2973097417687753,438.64
444.01,444.435,438.43,438.64,82472602.0,0.085959831035019,0.4758788512505191,445.003,445.4925,444.1666471026705,444.9591799606489,29.727944405400706,-0.6210832072428616,0.11363115196644792,431.39
435.7,435.97,431.23,431.39,102273826.0,0.10469827321801,0.3648431247115458,443.657,444.91049999999996,441.84362035673036,443.66687710725375,24.447430127654286,-1.6164478435886167,-0.23238464714456503,430.42
432.45,434.1,429.99,430.42,100829684.0,0.1040549421436698,0.4030623140500372,442.14700000000005,444.587,439.7665984736884,442.40526976370575,22.105820320131983,-2.455249791225981,-0.6769576759608482,432.23
429.17,432.27,428.72,432.23,70822134.0,0.1216428908393194,0.4224226170654742,440.525,444.2,438.39630784210874,441.43619645287663,27.069280696415987,-2.9400632853439674,-1.129578797837472,425.88
429.09,429.82,425.02,425.88,96130936.0,0.061735293786075,0.3688605361652236,438.514,443.35600000000005,436.1206155071799,439.95465393355505,24.839179917156812,-3.792950629335621,-1.662253164137102,426.05
427.09,427.67,422.29,426.05,104439847.0,0.1005874870136199,0.4527139086570359,436.468,442.2004999999999,434.28959450587445,438.63040117797834,26.032627117369174,-4.404381447228332,-2.210678820755348,428.52
425.48,430.2499,424.87,428.52,91858308.0,0.0838308779395587,0.3627791519257685,434.284,441.076,433.2405773229882,437.6675058276947,29.278390787482408,-4.636193268116017,-2.695781710227482,427.48
431.67,431.85,425.91,427.48,115111319.0,0.1232724553663288,0.4597095057720057,432.695,439.9325,432.19319962789945,436.69726717743805,23.204693972253622,-4.847941067750412,-3.126213581732068,427.31
426.62,428.6,424.46,427.31,83798599.0,0.1768495954422727,0.4290580425591867,431.063,438.73850000000004,431.3053451500995,435.8032417319677,24.647113326287,-4.972154402874196,-3.495401745960494,421.59
425.06,427.3729,420.18,421.59,103698607.0,0.0168343960632921,0.4703300084955929,428.951,437.35600000000005,429.53891875917236,434.44959966225656,20.361553637922185,-5.469106110986843,-3.890142618965764,424.66
422.07,425.4299,420.56,424.66,87452518.0,0.0311262374267888,0.4608745875244037,427.553,436.2780000000001,428.651842621141,433.5172568372798,18.856028502559454,-5.551229459382853,-4.222359987049182,424.5
424.36,425.37,421.1701,424.5,70128794.0,0.074719825895872,0.3329711531587433,426.8639999999999,435.26050000000004,427.8969621445699,432.65847047182456,22.596563568054364,-5.565072772691735,-4.490902544177693,429.54
421.97,431.125,420.6,429.54,113213309.0,0.1099727231925559,0.5023578792993368,426.776,434.4615,428.19569630010267,432.3614732840317,32.032633296177934,-5.110447758643772,-4.614811587070909,432.29
427.58,432.88,427.0101,432.29,80374362.0,0.0819857804232804,0.3519775132275132,426.78200000000004,433.6535,428.94011515462944,432.35466630460013,37.30505550022481,-4.476648129305431,-4.587178895517813,434.54
432.94,437.22,432.53,434.54,78499268.0,0.0902896956150075,0.4063348342091658,427.648,433.08099999999996,429.9582760356059,432.56279332320963,44.773058979530255,-3.749578355558185,-4.419658787525888,436.32
435.64,436.58,433.18,436.32,62451736.0,0.0781592019092019,0.3364819902319902,428.675,432.5714999999999,431.11495312004115,432.92062253052296,57.303679933288315,-2.9952122552655283,-4.134769481073817,433.66
436.95,437.335,431.23,433.66,80654230.0,0.0617599247949393,0.4070355304775088,429.189,431.7365000000001,431.5776889163973,432.99103943237793,54.57108453738196,-2.582244943010437,-3.8242645734611407,431.5
435.21,436.45,429.88,431.5,95201132.0,0.1345,0.4969021164021164,429.591,431.14300000000003,431.56356365887046,432.84903567691333,48.980142896842665,-2.4015754540014314,-3.539726749569199,436.04
433.82,437.14,433.57,436.04,75433194.0,0.0352720658970658,0.466895449593979,430.46400000000006,430.7635,432.3774611754394,433.15293704101686,64.94994381108847,-1.8704916611424096,-3.2058797318838415,436.02
432.81,438.14,432.45,436.02,75232708.0,0.0365680518074998,0.301255130151234,431.907,430.429,433.03974096172317,433.4259906561581,64.73541512575186,-1.4346796677498332,-2.85163971905704,430.21
434.19,435.18,429.09,430.21,93559798.0,0.1234150001482997,0.3549066366045111,432.462,430.0075,432.5252426050462,433.1197058317621,52.273319025384275,-1.5403576824108995,-2.589383311727812,426.43
430.95,432.82,425.725,426.43,121295457.0,0.0317587201179705,0.3993410533038011,432.65500000000003,429.7595,431.41701667685595,432.4825909906419,48.68452313747622,-1.9071383755793931,-2.4529343244981288,421.19
425.98,426.54,421.08,421.19,122919874.0,0.0357787825049729,0.4179866062068443,431.82,429.29799999999994,429.55755909924574,431.4071061343903,43.19696298893995,-2.590774093867253,-2.480502278371954,420.46
419.61,424.45,417.8,420.46,91840945.0,0.1991198089920808,0.3873795075258369,430.637,428.70950000000005,427.9034574448374,430.36452459778167,48.58712977694883,-3.1550952510002617,-2.615420872897616,423.63
422.65,424.82,420.74,423.63,78564239.0,0.1384902346881513,0.3527166460783885,429.546,428.59700000000004,427.12646518213967,429.7231413027548,48.715373359560274,-3.3083942174035883,-2.75401554179881,417.55
421.89,421.92,417.015,417.55,93911198.0,0.131983236763484,0.3970027058688489,427.669,428.172,425.3852896944779,428.5637945120163,42.44728115057737,-3.8758119920227045,-2.978374831843589,412.55
416.45,417.325,411.6,412.55,115062041.0,0.1466509245008048,0.38852669791665,425.558,427.37350000000004,423.0516006591182,427.03867122515754,31.520547285454384,-4.675061678780992,-3.31771220123107,410.68
414.19,414.6,409.21,410.68,107367671.0,0.1184653056451063,0.4110840225930806,423.476,426.5335,420.8022187210967,425.4807025370473,26.036807174200476,-5.397151186311987,-3.7335999982472536,415.59
413.56,416.68,408.91,415.59,86560987.0,0.1292244424965013,0.3688311377710887,421.43100000000004,425.94750000000005,419.8545425899882,424.5387308668523,30.157059220966886,-5.509703920858385,-4.0888207827694805,418.2
416.18,418.53,414.21,418.2,79631900.0,0.1418558657229125,0.3966464507881074,419.649,425.77799999999996,419.55371666453584,423.93504221286634,31.350340903565822,-5.3268924858635955,-4.336435123388304,422.66
419.2,423.5,418.6499,422.66,98068115.0,0.1604919154919155,0.4286033873533873,418.89400000000006,425.67800000000005,420.11849545280205,423.8136096211648,39.08295857162725,-4.767175350345042,-4.422583168779652,430.76
426.58,430.915,426.56,430.76,94838909.0,0.093452581369248,0.3369345953869763,419.32699999999994,425.991,422.0533144613835,424.47517060962525,49.343027507059915,-3.628169898296676,-4.263700514683057,434.69
433.14,436.29,433.01,434.69,99620775.0,0.0909485479797979,0.3831304112554112,420.677,426.2485,424.3508936502228,425.44801150394665,48.78835607544451,-2.380935770357951,-3.887147565818036,435.69
435.47,436.1498,433.68,435.69,67216066.0,0.0922053604290446,0.3848544730123677,422.2,426.41849999999994,426.4125493501823,426.4234389797612,49.708931100281625,-1.2968527838492037,-3.36908860942427,436.93
435.69,437.585,434.51,436.93,64256114.0,0.1683104468405394,0.4082596073336814,423.53000000000003,426.538,428.32481310469456,427.42406383883156,56.44664638808427,-0.33380368862043497,-2.762031625263503,437.25
437.55,438.09,434.87,437.25,61731027.0,0.1077737638636189,0.3741014269680937,425.5,426.58450000000005,429.9475743583864,428.35986728275236,61.11794378028744,0.4500530519562176,-2.1196146898195587,433.84
438.43,438.47,433.4,433.84,83071417.0,0.2073778269326515,0.4021561563842266,427.629,426.59350000000006,430.65528811140706,428.881784684395,63.506280395303705,0.7870342241806156,-1.538284907019524,440.61
435.98,440.93,433.8335,440.61,89558054.0,0.0333475489157307,0.3468720420993148,430.622,427.049,432.4652357275149,429.9987575715955,69.05615723877055,1.5821387411749015,-0.9142001773806389,440.19
439.23,441.33,438.42,440.19,52192568.0,0.0563569964349376,0.3238031948443713,433.082,427.2565000000001,433.86973832251215,430.9693520885864,66.52033257612416,2.1535495309432804,-0.30065023571585503,448.73
446.32,450.06,446.09,448.73,97130503.0,0.1528439874939874,0.4220558441558442,436.13500000000005,427.892,436.5716040820554,432.66084236586386,79.65003584822168,3.2579477334007265,0.4110693581074613,449.68
450.11,451.38,448.8,449.68,77327573.0,0.140891067420234,0.4276972462722462,438.837,428.8655,438.9549487944089,434.28171452149587,88.25466236214143,4.161872846626295,1.1612300558112283,450.23
449.22,450.56,448.12,450.23,66654468.0,0.0600056887556887,0.3579041514041514,440.784,430.05550000000005,441.00495810451633,435.800598852782,91.88728476123724,4.866522176399826,1.902288479928948,450.79
450.24,451.42,449.29,450.79,83193902.0,0.1024970304086157,0.3228286861061251,442.39400000000006,431.53549999999996,442.78405663096794,437.2281608668028,91.06389932583777,5.407811284611057,2.60339304086537,454.26
450.53,455.125,450.52,454.26,69614633.0,0.1553953981858022,0.522870686178767,444.25100000000003,433.2255,444.8705917889738,438.8502407842501,91.23967801108199,6.047079830535893,3.2921303987994746,453.27
453.1842,454.131,451.9599,453.27,49244639.0,0.0932121971595656,0.4398481848879903,445.88500000000005,434.7075,446.3977569182513,440.2235511857501,88.02481410317014,6.400044305770109,3.913713180193602,455.02
454.98,456.38,453.8895,455.02,59446573.0,0.1243154285529285,0.50226632996633,447.662,436.581,447.96543747856924,441.63273678710726,85.78167548839349,6.743249586300976,4.479620461415077,455.3
455.07,455.5,454.73,455.3,29667375.0,0.2176230158730158,0.3998492063492064,449.808,438.71849999999995,449.29899430064756,442.9343809026209,84.06607679586517,6.9576326455623985,4.975222898244542,454.48
454.65,455.4901,454.0799,454.48,50412985.0,0.0749617799617799,0.5341700791700792,451.195,440.9085,450.24099533689343,444.03396367379986,81.24372672390501,6.9808942145500055,5.376357161505635,454.93
454.08,456.27,453.5,454.93,62083811.0,0.0548008935508935,0.2190574009324009,452.66900000000004,442.8755,451.0935416392764,445.07168141915224,80.73766631395728,6.955462176411572,5.692178164486823,454.61
457.15,458.32,454.2,454.61,63140992.0,0.115832732082732,0.5781600149363307,453.25699999999995,444.696,451.73289770486247,445.9800927125663,79.64477066165331,6.830745198651641,5.919891571319787,456.4
455.48,456.76,453.34,456.4,79752700.0,0.1076713624338624,0.4682553774928775,453.929,446.383,452.5814617585238,446.97246483517904,90.78086511452955,6.79798123945335,6.0955095049465005,459.1
455.77,459.65,455.16,459.1,88983400.0,0.0922619047619047,0.392322764041514,454.816,447.8,453.7666505297013,448.1274681842096,89.19028195574616,6.91022621456068,6.2584528468693374,456.69
455.6,459.1206,454.34,456.69,72430888.0,0.2179053452885856,0.4122888562164678,455.40600000000006,448.9,454.2981686152101,448.942947404761,82.2517141702893,6.72716770543326,6.352195818582122,456.6
455.26,457.59,454.87,456.6,69793469.0,0.1203068954854669,0.3886193568336425,455.64,449.9455,454.7166834124446,449.6721905090695,72.97133557509062,6.499903429559197,6.381737340777537,454.76
458.81,458.84,454.31,454.76,69124685.0,0.1262392997434664,0.4635089265672599,455.78899999999993,450.837,454.7245591556364,450.15674379392004,64.09539970390693,6.100993772625884,6.325588627147207,458.23
456.91,458.9,456.29,458.23,66475446.0,0.1015145573380867,0.3982802393684747,456.11,451.8860000000001,455.36191203642977,450.9256253373562,69.10215055252584,5.995739838873362,6.259618869492439,460.2
457.46,460.745,457.21,460.2,82769404.0,0.1965790988112416,0.4422427367411611,456.6,453.204,456.2415643934425,451.8088991147509,71.05140963222654,6.002099408282334,6.2081149772504185,461.99
459.69,462.17,459.47,461.99,64895247.0,0.1225158016586588,0.417944733837591,457.351,454.27299999999997,457.28673450372565,452.77852777048895,68.69855047026091,6.081474006442875,6.182786783088909,464.1
461.63,464.2,460.6,464.1,68327617.0,0.1595524999543273,0.4232703335203396,458.26800000000003,455.46850000000006,458.5255100485028,453.85676322091854,74.8508009219269,6.242676623161856,6.194764751103499,470.5
464.49,470.7599,464.12,470.5,93221960.0,0.1043382134840468,0.4126993947410614,459.8570000000001,456.55699999999996,460.70269003968406,455.4418333903549,79.27378555850989,6.808374666196244,6.317486734122047,472.01
472.5,473.73,469.25,472.01,118424368.0,0.0913849900465381,0.3267507948861217,461.418,457.6735,462.75856457792327,457.01975401984487,80.19511663420187,7.294452908844846,6.512879969066607,469.33
469.49,470.7,467.4263,469.33,141553673.0,0.2172264045478331,0.5081538468145611,462.4410000000001,458.6285,463.9533710183008,458.1921583989072,75.14388581055185,7.378366598568448,6.685977294966976,471.97
470.98,472.98,469.8929,471.97,70375285.0,0.1551833655414482,0.3834577682829562,463.96899999999994,459.6875,465.4109399240643,459.50433378948753,76.85999129760783,7.570625283126105,6.862906892598802,474.84
472.53,474.92,472.45,474.84,55261805.0,0.1639456420485832,0.3741093081754846,465.793,460.7165,467.12531448332527,460.964873428584,79.51557883810602,7.863926243584331,7.063110762795908,468.26
473.96,475.895,467.82,468.26,102920959.0,0.1529263721127357,0.4469712319666865,467.14300000000003,461.466,467.33162094090244,461.6596473877665,65.18174827075075,7.479202765384002,7.146329163313528,472.7
471.33,472.975,468.84,472.7,86136465.0,0.1673463521757532,0.4343582962711819,468.59,462.35,468.3076898607383,462.71110954131257,66.66664379085748,7.446736191120067,7.206410568874836,473.65
473.86,475.38,471.7,473.65,67160419.0,0.2000779938986126,0.3602042369260934,469.93499999999995,463.26750000000004,469.2790189769677,463.75290863261614,71.55564306611582,7.4122198016982,7.247572415439509,475.65
474.07,476.58,473.99,475.65,55386952.0,0.1119293338477366,0.414898843761691,471.30100000000004,464.326,470.43737916297357,464.8859649533194,73.09088428430589,7.460251464667465,7.290108225285101,476.51
475.44,476.66,474.89,476.51,67999311.0,0.1773670570729394,0.5038455557757028,472.54200000000003,465.40500000000003,471.5414920424329,465.99301591014614,77.00518802898853,7.4814699873394375,7.3283805776959685,476.69
476.88,477.55,476.26,476.69,77158116.0,0.100097226728987,0.3438869328491383,473.16099999999994,466.509,472.47758439835417,467.01177629965605,74.95940915544271,7.427194243138445,7.348143310784464,475.31
476.49,477.03,473.3,475.31,122133149.0,0.1844493908868908,0.51588798007548,473.4910000000001,467.4545,472.99256905319885,467.80208331873644,70.7611709080409,7.18994465160614,7.3165035789488,472.65
472.16,473.67,470.49,472.65,122985393.0,0.2227835964392982,0.5013389151256475,473.823,468.13199999999995,472.930283770799,468.263789669333,64.30486043295632,6.709934918620945,7.195189846883229,468.79
470.43,471.19,468.17,468.79,103577866.0,0.1278638089136826,0.3830158647726198,473.505,468.73699999999997,472.17750490338096,468.3139049389203,56.01125905773836,5.949472194275074,6.946046316361599,467.28
468.3,470.96,467.05,467.28,84202339.0,0.075829272450607,0.3376396291052306,472.74899999999997,469.271,471.28704946640255,468.2154378018803,45.28134132653049,5.165411972132006,6.589919447515681,467.92
467.49,470.44,466.43,467.92,86118913.0,0.044120818575364,0.3461467707376798,472.715,469.929,470.67485865432934,468.1873008683679,43.84960559715859,4.543308812650878,6.18059732054272,474.6
468.43,474.75,468.3,474.6,74667074.0,0.0928545475263779,0.4135515242372778,472.90500000000003,470.74749999999995,471.38852071717855,468.7980341189995,57.07380405279852,4.537007946246547,5.851879445683485,473.88
471.87,474.93,471.35,473.88,65613439.0,0.182468152507215,0.4290239072270322,472.92800000000005,471.4315,471.84151695041874,469.282030869571,52.70306431240017,4.422931678308771,5.5660898922085424,476.56
474.16,477.4481,473.87,476.56,67300640.0,0.1884391173519463,0.44143533166395,473.01899999999995,472.16,472.6994229594335,469.9751707867547,52.447332548017805,4.496941078889563,5.352260129544747,476.35
477.59,478.12,472.26,476.35,77910013.0,0.1324971655328798,0.4310736961451247,473.003,472.77250000000004,473.3631642395365,470.58229737849234,64.05975332511136,4.486926323459841,5.179193368327766,476.68
477.84,478.6,475.23,476.68,58026420.0,0.1564979746815684,0.4399941125136438,473.00200000000007,473.08150000000006,473.96622528689346,471.16303096149306,58.06971561330015,4.454271727912783,5.03420904024477,474.93
475.26,476.6098,473.06,474.93,84814870.0,0.1206635249336391,0.4092398521837247,472.96399999999994,473.22749999999996,474.1414570529128,471.52178991754135,52.513718177845504,4.2383255721090904,4.875032346617634,472.29
471.82,472.79,469.87,472.29,68843871.0,0.1023128953864925,0.3829332422068258,472.928,473.3755,473.8048284978377,471.59495278253746,43.56319502357365,3.8102386913842565,4.662073615570959,476.49
474.01,477.06,472.42,476.49,91856248.0,0.0998237386395281,0.3043295185564922,473.69800000000004,473.60150000000004,474.2930414982308,472.0611477556291,49.96600884768605,3.7664641986067977,4.482951732178127,482.43
477.65,482.72,476.5374,482.43,110834483.0,0.1503605953547455,0.4012407569624318,475.213,473.98100000000005,475.77248849855243,473.0486574931883,58.1533859617215,4.163091428497864,4.418979671442075,483.45
484.01,485.22,482.78,483.45,75742531.0,0.1661277013211072,0.4662214269564542,476.76599999999996,474.7405,477.1683996806338,474.0392615414561,61.68194995558839,4.507764142190297,4.436736565591719,484.86
484.01,485.105,482.89,484.86,49699297.0,0.1293706422402074,0.4964249534684318,477.79200000000003,475.34849999999994,478.5668724659731,475.0698080613174,68.17502368412235,4.838914967536994,4.517172245980774,485.39
487.81,488.77,484.8819,485.39,81725039.0,0.2410521048376897,0.4004855501258192,478.9429999999999,475.93549999999993,479.80744110852345,476.0526834840491,77.42891328470625,5.085498492038937,4.630837495192407,488.03
487.575,488.305,485.39,488.03,72504989.0,0.2019635673563619,0.4602906230405354,480.09000000000003,476.5545,481.3024518160646,477.193380295092,83.05189032410118,5.431334603918913,4.790936916937708,487.41
487.59,489.12,486.54,487.41,77030572.0,0.2124053862803862,0.4008812576312576,481.196,477.0995,482.41291512223466,478.16639169555947,81.0646753297593,5.590934582127829,4.950936449975733,491.27
487.73,491.415,487.17,491.27,61322751.0,0.1293603638425066,0.4632694334650856,482.6549999999999,477.82849999999996,484.0232941909192,479.41435439122046,79.19435696248705,5.96018317380566,5.152785794741718,490.89
490.56,491.62,490.11,490.89,57658386.0,0.1565197221634042,0.4652021223165924,484.25100000000003,478.60749999999996,485.2717861562066,480.507273020628,80.14884359858897,6.15124479778342,5.352477595350059,482.88
488.62,489.0813,482.86,482.88,126011061.0,0.078621371275783,0.4433836480614973,485.31000000000006,479.119,484.8369159459872,480.73324701866346,59.421561362496796,5.591862938531904,5.400354663986429,489.2
484.63,489.23,483.8,489.2,91891637.0,0.0662806404454131,0.4039307826012371,486.58099999999996,480.13949999999994,485.63020395580764,481.5396044454574,66.20426413973021,5.59403540847984,5.4390908128851105,494.35
489.65,496.05,489.3,494.35,99228192.0,0.1739231601731602,0.462318722943723,487.773,481.49300000000005,487.215621418388,482.75964211731866,69.86730429183143,5.94281400563591,5.5398354514352715,492.55
493.695,494.3778,490.23,492.55,75677102.0,0.138577441077441,0.4300286195286196,488.683,482.7245000000001,488.1855084332265,483.6920571537645,69.78883699362724,6.004759470579984,5.632820255264215,493.98
493.52,494.32,492.05,493.98,55918602.0,0.0330576017087874,0.2422620473509802,489.59499999999997,483.69350000000003,489.239052354458,484.67186123435835,75.0403821157851,6.098936008976864,5.726043406006744,498.1
496.29,498.53,495.36,498.1,70413706.0,0.1328315955955707,0.460300186356087,490.8660000000001,484.9045,490.8501337445565,485.9507315929909,74.99419269214215,6.43187847058141,5.867210418921678,498.32
498.1,498.71,497.26,498.32,52312096.0,0.1160906022709053,0.4774931464719343,491.895,485.9925,492.2082912455462,487.1287571555632,71.18099182794232,6.6369829237407885,6.0211649198855,501.2
498.84,501.65,498.49,501.2,63579375.0,0.1158159535965242,0.4997370718050066,493.274,487.23499999999996,493.84314738271956,488.46887552170006,72.54251928891878,6.95178575258376,6.207289086425152,500.98
501.17,503.5,500.24,500.98,56502283.0,0.1232185285912244,0.4912727800446694,494.24500000000006,488.45,495.1407569494978,489.66041118630005,71.11050299772032,7.101653658342968,6.386162000808715,494.08
494.53,497.09,490.715,494.08,113099199.0,0.1220488083964646,0.3976895630411255,494.564,489.4075000000001,494.9478920495891,490.08132440665247,59.75306764213365,6.587713656777169,6.426472332002406,498.57
496.79,499.07,494.4,498.57,68360627.0,0.0703940475910172,0.395144985733221,496.133,490.7215,495.606457131482,490.889769701257,61.35774010757846,6.468157089661247,6.434809283534174,502.01
499.29,502.2,498.795,502.01,61682960.0,0.0041598329717524,0.3612910699694756,497.41400000000004,491.99750000000006,496.77073765303066,491.94883925351826,64.83135092159866,6.575192177081362,6.4628858622436125,499.51
501.7,502.87,498.75,499.51,75532928.0,0.166419469997595,0.4367973635161135,497.92999999999995,492.85149999999993,497.2687853524796,492.66894980080224,58.60842414295993,6.384690411646034,6.447246772124097,496.76
497.72,498.41,494.45,496.76,71736740.0,0.0731631042568542,0.3270813041125541,498.351,493.517,497.176278924756,493.05857362929726,55.84310607598079,5.9433036676537085,6.34645815123002,497.21
495.42,497.37,493.56,497.21,59443671.0,0.0932771147733415,0.3099950717926724,498.674,494.1345,497.18241002934576,493.45394756936423,66.79163498751134,5.565655322159444,6.190297585415905,507.5
504.01,508.49,503.02,507.5,76402535.0,0.0436892029539088,0.2921081614463967,499.6139999999999,495.24000000000007,499.0583354785556,494.7916668484724,69.6183324473273,6.027205418172059,6.1576791519671366,507.85
509.27,510.13,507.1,507.85,61321818.0,0.0552906162464986,0.3428011204481792,500.567,496.23100000000005,500.656819937,496.0353176248084,66.1328650607048,6.348052867547551,6.19575389508322,505.99
508.3,508.75,505.86,505.99,50386738.0,0.1876315156578314,0.4245479228373965,501.046,497.16,501.6264890393636,496.98338261292184,66.03816409226019,6.378710523126074,6.232345220691791,506.93
506.7,507.16,504.75,506.93,48826828.0,0.1298304027127556,0.3642182828065181,501.64099999999996,497.94300000000004,502.5907637594793,497.93067950692927,65.63629753904452,6.405023951022315,6.2668809667578955,506.26
505.33,506.855,504.96,506.26,56506634.0,0.1163638907388907,0.339000074000074,502.85900000000004,498.7115,503.2578976213921,498.72394812531695,60.74813354916039,6.2992008651743845,6.273344946441194,508.08
508.07,509.74,505.35,508.08,83271045.0,0.1043349607008881,0.4680976846853862,503.81000000000006,499.9715,504.13464350841167,499.6150006848106,62.33567055866054,6.289690460419763,6.276614049236908,512.85
508.98,513.29,508.56,512.85,76692344.0,0.080219173472762,0.5199712915861241,504.89399999999995,501.154,505.7192537796095,500.87547681006674,64.05305436085015,6.591074724951966,6.339506184379919,512.3
512.03,514.2,512.0,512.3,49799257.0,0.1916776799589299,0.5622050518925519,506.17300000000006,502.05150000000003,506.9157530924077,501.9635266376794,63.547130453330965,6.7082153911813975,6.413248025740215,507.18
510.24,510.7,504.91,507.18,72820623.0,0.0880793669013366,0.2317287521681461,507.21500000000003,502.783,506.9637979846972,502.4603336245671,66.3749767687581,6.315112318954618,6.393620884383095,509.75
510.55,512.069,508.42,509.75,68214867.0,0.1510790719696969,0.3688167478354978,508.46900000000005,503.5715,507.47038016929764,503.1545875650845,64.67959806947547,6.140172734515318,6.34293125440954,514.81
513.14,515.89,509.8053,514.81,58639485.0,0.1055087260338556,0.3554610333238911,509.2,504.407,508.8048565021526,504.2646268446003,66.12088348381934,6.336785051726508,6.3417020138729345,511.72
515.46,518.2201,511.13,511.72,86532535.0,0.095342746446262,0.4113591421599234,509.587,505.07699999999994,509.3348825926703,504.9746623832098,65.15262069653295,6.172116239835248,6.307784859065398,511.28
510.48,511.88,508.5,511.28,62557183.0,0.1233363849052017,0.476892992761843,510.116,505.581,509.6885403030938,505.57517072766603,69.11529837772042,5.9376649913184,6.2337608855159985,516.78
513.45,517.38,510.86,516.78,72869439.0,0.1456761929824024,0.4425834347455695,511.101,506.3709999999999,510.97789661162216,506.64229732503117,72.73992520662435,6.125058856539454,6.21202047972069,515.97
517.11,517.29,514.49,515.97,55104088.0,0.1439702162315798,0.4853806790852246,512.0719999999999,507.46549999999996,511.8855517731454,507.5306499607425,62.62292468790034,6.137460786766326,6.1971085411298175,514.95
516.97,517.125,511.82,514.95,110149920.0,0.1907226638551043,0.4314404103392198,512.759,508.2844999999999,512.442724178028,508.2372547263861,60.374025562935245,5.995867304331341,6.156860293770123,509.83
510.21,511.7,508.122,509.83,107646297.0,0.1357421505697368,0.4341412310018632,512.4570000000001,508.6755,511.9676834183865,508.38894475244456,55.122711533672295,5.408170219183376,6.007122278852774,512.86
514.0,515.48,512.44,512.86,89025817.0,0.1302878787878787,0.3820849567099567,512.513,509.34299999999996,512.1299227968616,508.814759537926,57.493029949395535,5.127801617210594,5.8312581465243385,515.71
512.15,515.995,511.12,515.71,60755263.0,0.0466753522151249,0.2775151195605741,513.366,510.29050000000007,512.780845924705,509.47144910574264,61.31734470795632,5.077053548802212,5.680417226979913,520.48
515.77,520.62,515.08,520.48,69594574.0,0.1235728786393338,0.411066167460591,514.439,511.454,514.1806921202132,510.5198825242433,63.870226080913575,5.359948326558538,5.616323446895638,522.2
523.39,524.11,521.91,522.2,60256112.0,0.1845075523322276,0.3823118295845568,515.1780000000001,512.1890000000001,515.6387480983562,511.63227466479157,61.224469216264886,5.657715479198828,5.6246018533562765,521.21
522.11,522.605,520.97,521.21,78920842.0,0.1546001535410402,0.3936014970251423,516.1270000000001,512.857,516.6517029895642,512.5444389824305,60.58444171579523,5.747559083356407,5.649193299356303,519.77
519.8,520.95,519.61,519.77,48512108.0,0.1841227002164502,0.3516186711838885,516.976,513.546,517.2186660823706,513.2325876507705,66.3889370100203,5.637578327829033,5.646870305050849,518.81
521.23,521.58,518.4,518.81,65463744.0,0.1372307256235827,0.4986253639713461,517.179,514.14,517.5079995219396,513.7637697792685,62.309758903895975,5.410583965773924,5.599613037195464,523.17
521.71,523.21,519.485,523.17,82999777.0,0.1104315175700683,0.4675571979440021,517.8990000000001,514.9855,518.5374541543142,514.659601228862,61.578923487398065,5.5188865713914765,5.583467744034667,523.07
523.21,524.61,522.78,523.07,96294886.0,0.1377814613380324,0.4296747130870154,518.711,515.7349999999999,519.3615533989844,515.460591588018,67.13980851835336,5.532868537942136,5.573347902816161,522.16
523.83,524.38,520.97,522.16,62477540.0,0.1022616939337718,0.4516088529075542,519.944,516.2005,519.8703618718962,516.0986304843972,66.20009151872293,5.408177844636157,5.54031389118016,518.84
518.24,518.98,516.48,518.84,74230308.0,0.158620701105395,0.4776825510090816,520.542,516.5274999999999,519.6830233497333,516.359713295407,53.280231021553135,4.984010744813872,5.429053261906903,519.41
517.72,520.95,517.665,519.41,59155759.0,0.2043716543313317,0.4675729293428026,520.912,517.1389999999999,519.6333827406909,516.6502167910825,55.5198723594924,4.64035833618027,5.271314276761577,513.07
523.52,523.8674,512.755,513.07,96583574.0,0.0852179182424718,0.364240520144538,520.1709999999999,517.305,518.4400404242016,516.3092437633603,47.423227414331585,3.812478433846991,4.97954710817866,518.43
514.46,520.44,514.01,518.43,74546483.0,0.1328618372368372,0.5251353738853739,519.794,517.486,518.4382148925285,516.5112205478022,61.710216123555945,3.5479858786417253,4.693234862271273,518.72
519.15,520.18,517.89,518.72,48331202.0,0.0493659121820434,0.4437009119617629,519.545,517.836,518.4894485484324,516.7215804956305,58.622695093651274,3.323463382356863,4.419280566288392,519.32
520.5,520.75,514.35,519.32,68124385.0,0.1124995852335424,0.3950530322321767,519.5,518.238,518.6404579032628,516.9690490198561,55.68859818341087,3.1575444649557767,4.166933346021869,514.12
513.48,516.16,512.09,514.12,82652806.0,0.1039321838890132,0.398474093762084,519.031,518.1049999999999,517.818556466306,516.697711017965,40.11192283684949,2.5767527836305817,3.848897233543612,518.0
515.68,519.48,512.08,518.0,69873607.0,0.0321550206007442,0.4746080486886407,518.5139999999999,518.2065,517.8515461997049,516.8217385400636,43.88110098090279,2.401867531496805,3.5594912931342506,510.85
514.37,515.815,509.08,510.85,92561094.0,0.0524255737648594,0.2765136913351199,517.292,518.0015000000001,516.5785377997586,516.2530015362481,37.20354444541442,1.6671070914319444,3.18101445279379,504.45
515.13,515.3,503.58,504.45,91911383.0,0.1156615730081314,0.4107071069537745,515.521,517.7325,514.3733491088933,515.1289061518435,33.14259542261581,0.5619003980315256,2.657191641841337,503.53
504.94,506.5,502.21,503.53,73338462.0,0.0848310607353257,0.4992484873632786,513.99,517.266,512.4018310890945,514.0242484230964,33.17179593821268,-0.38379601871281466,2.048994109730507,500.55
506.05,506.22,499.12,500.55,75550490.0,0.1308894433532114,0.455425595606755,512.104,516.508,510.24695270925906,512.7409866685158,24.307125390736985,-1.3580733136696495,1.3675806250504756,499.52
501.98,504.13,498.56,499.52,74440556.0,0.089381000716785,0.3625701459034792,510.74899999999997,515.46,508.29659767121194,511.4818450810381,23.804219504803598,-2.1880846038645814,0.6564475792674642,495.16
499.44,500.455,493.86,495.16,101688674.0,0.0087823667345726,0.4595431526677656,508.422,514.108,505.9081253673552,509.9273836447488,22.10743162181724,-3.161249180469042,-0.10709177267983705,499.72
497.83,502.38,495.43,499.72,67917950.0,0.0621815886134067,0.5635059687786961,506.52200000000005,513.0335,504.7830116641997,508.95525186905843,30.741328960946646,-3.5239137441281514,-0.7904561669694999,505.65
501.78,506.09,499.5328,505.65,64524650.0,0.0735082422366905,0.2293060914181603,505.15500000000003,512.3275,504.94064590707245,508.64046597676713,37.490899547771,-3.2948456530447743,-1.291334064184555,505.41
506.56,507.37,503.13,505.41,55926114.0,0.1057642274392274,0.324347619047619,504.284,511.65749999999997,505.0259830148774,508.33280255040836,42.16767708900856,-3.096973551449082,-1.6524619616374605,503.49
499.18,504.27,497.49,503.49,69076388.0,0.1785246593749914,0.3176290192518845,502.83299999999997,510.67350000000005,504.7467133758088,507.87158325989327,33.56796150568725,-3.059814798900277,-1.9339325290900238,508.26
506.35,509.88,505.7,508.26,63300432.0,0.1328898947843047,0.3749010892489153,502.57399999999996,509.933,505.38549276202536,507.9085753303796,39.52742183852807,-2.6153193113034376,-2.070209885532707,510.06
510.09,510.75,507.25,510.06,44833100.0,0.2916533129539126,0.4563588660215347,503.13500000000005,509.3280000000001,506.23540316892985,508.1134729179625,40.94641037837802,-2.0936739086413922,-2.074902690154444,501.98
508.56,509.56,501.98,501.98,76578307.0,0.1442293455949873,0.4144991460312315,502.98,508.485,505.46169350185164,507.5293326400613,38.76341090914932,-2.305676240930211,-2.1210574003095974,500.35
501.38,508.19,499.865,500.35,80203062.0,0.1463640328132515,0.411115496482684,502.96000000000004,507.53200000000004,504.53229468333313,506.8455866743412,32.953439031328045,-2.5755279116302745,-2.211951502573733,505.03
504.15,505.89,499.55,505.03,62276093.0,0.1240645061954845,0.4273661065110306,503.51099999999997,507.12999999999994,504.6227865590907,506.6726736577373,44.097350560590044,-2.384266081989267,-2.24641441845684,511.29
511.16,512.55,508.56,511.29,71890647.0,0.0780975968025188,0.4591030252281471,505.12399999999997,506.773,505.83500718471055,507.11241902366703,56.956859288119865,-1.7078727273474783,-2.138706080234968,516.57
513.75,516.61,513.3,516.57,47236717.0,0.1022134532134532,0.4320582781416114,506.809,506.66549999999995,507.7868240602177,508.01314102141305,62.18234546799643,-0.7372753956213955,-1.8584199433122535,517.14
517.56,518.57,516.45,517.14,50977654.0,0.1475725531714662,0.3394878976096367,507.95799999999997,506.55649999999997,509.48740150381445,508.8823656860404,66.22968250409795,0.07703619357283742,-1.4713287159352355,517.19
515.26,517.74,515.14,517.19,42012599.0,0.1477568272005772,0.4896488816738816,509.1360000000001,506.71000000000004,510.8878739576664,509.6735689540365,67.62415825377599,0.7181403025589361,-1.0334349122364013,520.17
517.38,520.2074,516.705,520.17,43583253.0,0.118943156864317,0.3861813485775904,510.8040000000001,506.81850000000003,512.5755332380907,510.6732290536521,75.65126032579192,1.4499667092852633,-0.5367545879320683,520.84
521.81,522.635,519.59,520.84,52201942.0,0.0671726210352243,0.3891094216466117,512.0620000000001,507.31800000000004,514.0781635584378,511.6414929533043,73.53987896660047,2.060258432967828,-0.017351983752089073,520.91
522.56,522.67,519.74,520.91,36692999.0,0.1360520382395382,0.3741346500721501,513.147,508.14099999999996,515.3203156387218,512.5242079101324,69.56407759238245,2.520512536332035,0.4902209202647358,523.3
521.11,523.83,520.56,523.3,57521901.0,0.0951783351476334,0.388809916204653,515.279,509.1295,516.7711673407724,513.5504738234531,71.73752115855898,3.0430419616307063,1.00078512853793,529.78
525.83,530.08,525.18,529.78,59427333.0,0.0518064559211389,0.3033016062884484,518.222,510.591,519.1364096424502,515.0961429831243,78.75735938300086,3.934675648555526,1.587563232541449,528.69
529.88,531.5218,528.54,528.69,50203330.0,0.1661283512444839,0.4358736583147338,520.588,512.0495,520.8734260710957,516.3907960323505,74.30404377214832,4.501457874510265,2.1703421609352125,529.45
528.81,529.52,527.32,529.45,59151072.0,0.0846862502576788,0.3317584003298289,522.404,513.7639999999999,522.4328031490783,517.6345297435553,73.65208511516991,4.95484613844053,2.727242956436276,530.06
529.57,531.5601,529.17,530.06,37711090.0,0.1195863886357307,0.3611810919343814,523.7529999999999,515.2810000000001,523.8195662128821,518.8179078632166,91.88540315048814,5.302260349343669,3.242246435017755,531.36
529.28,531.52,529.07,531.36,33382000.0,0.0860451598019532,0.261378367003367,525.175,516.5665,525.1905541741762,520.0123928286246,96.7158374805147,5.617730054759704,3.7173431589661448,529.83
530.65,531.38,527.6,529.83,47734744.0,0.1918322648136312,0.4381226195589549,526.439,517.7875,526.0340897788715,520.9474030354222,91.27825306606081,5.67882193159835,4.109638913492586,525.96
532.96,533.07,524.72,525.96,56651841.0,0.0610403185189788,0.4537980182837718,527.0179999999999,518.911,526.0206189099857,521.4247932225248,76.52799018474298,5.353252069502105,4.35836154469449,529.44
527.85,530.27,526.881,529.44,41239368.0,0.092114589979982,0.4738131263577692,527.878,519.97,526.6423245627155,522.188146248951,74.8935764599588,5.314777082737237,4.54964465230304,529.81
530.27,530.51,527.11,529.81,36263860.0,0.1612877810324832,0.4929816924573957,528.7679999999999,520.9575,527.2182655513127,522.9140370823843,74.69781497975028,5.253581271650887,4.69043197617261,526.1
525.68,527.31,525.37,526.1,44751381.0,0.0464086160324586,0.4074299097678728,529.048,522.1635,527.0149445419831,523.2174621221573,65.19955944067459,4.8498115476186285,4.722307890461813,522.61
524.52,525.2,521.33,522.61,45453300.0,0.09612769106325,0.4041971915248313,528.3309999999999,523.2764999999999,526.2140455343498,523.1596085867137,54.0911885554448,4.199794680669015,4.617805248503254,527.37
523.59,527.5,518.36,527.37,90193041.0,0.0658633530896602,0.5025476357339103,528.199,524.3935,526.4242190735589,523.5605982451219,59.62840357423627,4.022376398236474,4.498719478449899,527.8
529.02,529.31,522.6,527.8,46822158.0,0.1360933919022154,0.3264720206264324,528.034,525.2189999999999,526.6743610601845,523.9643507932055,60.05249954085233,3.8718364174333146,4.373342866246582,528.39
526.46,529.15,524.96,528.39,33998893.0,0.0470864327495151,0.4893322411691587,527.867,525.8100000000001,526.9862954128782,524.3858411938527,57.837979373831004,3.7568340231581487,4.250041097628896,534.67
530.77,534.69,528.7254,534.67,47512476.0,0.1103599091880341,0.3703874308561808,528.1980000000001,526.6865,528.3833326105367,525.3652848896762,57.57667164321658,4.124888169829546,4.2250105120690264,534.66
534.98,535.42,532.68,534.66,30346423.0,0.117773665058562,0.388033747081802,528.681,527.5600000000001,529.5245448631664,526.2504958525642,59.570348381376114,4.365444687365994,4.253097347128421,534.01
533.66,536.89,532.535,534.01,43131322.0,0.0490405439734084,0.505034412755001,529.4860000000001,528.2520000000001,530.3400821607725,526.9894962475581,57.33588150893367,4.452314384155557,4.292940754533848,535.66
533.18,535.99,532.57,535.66,35296725.0,0.1376051450174257,0.3571342661742271,530.108,528.993,531.3073399497229,527.8152585096955,58.71728449433438,4.60125999407137,4.354604602441352,536.95
534.07,537.01,532.05,536.95,35439089.0,-0.0178389214980693,0.3128669271181802,530.822,529.795,532.3332781406823,528.6852338897245,58.704427846091974,4.768425244072887,4.437368730767659,541.36
541.63,544.12,540.3,541.36,62925319.0,0.1215701999389158,0.3583464693027663,532.348,530.6980000000001,533.9745002969219,529.8923544716555,66.4761094408251,5.196849012660323,4.589264787146192,542.45
543.15,543.325,539.59,542.45,44408457.0,0.1667225564468211,0.4171681627196333,534.3320000000001,531.3315,535.515500242936,531.0883207124502,75.5976076260012,5.560236876793965,4.783459205075747,542.78
540.88,542.81,539.85,542.78,39506074.0,0.0863645619731146,0.4760740867319815,535.873,532.036,536.836318380584,532.2018139779311,72.95247689832505,5.807902731863919,4.988347910433382,547.1
542.08,548.53,541.6072,547.1,55644455.0,0.0511594742063492,0.3505146329365079,537.8030000000001,532.9185,538.7024423113869,533.6206888371757,76.18900131335924,6.28037139060109,5.246752606466924,548.49
547.16,548.62,546.73,548.49,41040714.0,0.0645833333333333,0.2756944444444444,539.813,533.8399999999999,540.481998254771,535.0368137098257,86.47764057715978,6.689851150117761,5.535372315197091,547.0
549.44,550.12,545.18,547.0,70302302.0,0.1349143610013175,0.4597145366710584,541.046,534.6220000000001,541.6670894811763,536.1761647850803,92.5060545456688,6.81557060671787,5.791411973501247,544.51
544.4,545.65,543.02,544.51,62463451.0,0.14002406705873,0.404873656784932,542.031,535.356,542.1839823027806,536.9698633769774,82.43750362887774,6.637765957538704,5.960682770308739,542.74
544.33,546.95,542.62,542.74,45142961.0,0.1156076388888888,0.2743229166666667,542.904,536.1949999999999,542.2850764295476,537.5194001982177,76.9091831149654,6.281619683024701,6.024870152851932,544.83
543.99,545.2,542.44,544.83,38253579.0,0.1230265315492588,0.4041901700992609,543.821,536.9644999999999,542.7477898059935,538.2156477983874,78.09292230687255,6.097725938798362,6.0394413100412185,545.51
543.69,546.24,543.03,545.51,38408871.0,0.0898109908609908,0.3662828042328042,544.677,537.7495,543.2500098412675,538.9103480080648,72.90781822867908,5.9384049034210875,6.019234028717193,546.37
545.37,546.96,544.61,546.37,34948595.0,0.0866056054956093,0.3545627249829897,545.1780000000001,538.763,543.8172807792188,539.6207910549158,73.88816668974576,5.814510589055089,5.978289340784772,544.22
547.16,550.28,542.95,544.22,74580583.0,0.1798343367672772,0.3877513910415145,545.3549999999999,539.8435000000001,543.8905024557245,540.0588109544476,69.62702903581682,5.479670193593961,5.87856551134661,545.34
545.63,545.88,542.52,545.34,39768188.0,0.2179241783593635,0.4669029595233299,545.611,540.742,544.1540474637745,540.5617813397383,68.99525251438257,5.2442291977928335,5.751698248635855,549.01
543.7,549.01,543.65,549.01,40387980.0,0.0781319945486612,0.4254328202661536,545.802,541.8025,545.0369479249064,541.3663735930966,71.64389795353296,5.292767116207415,5.659912022150168,551.46
548.69,551.83,548.65,551.46,32745296.0,0.0781319945486612,0.4254328202661536,546.0989999999999,542.9559999999999,546.2047755749234,542.327671346135,69.4980319315658,5.465920560934478,5.62111372990703,554.64
551.77,555.05,551.12,554.64,40482332.0,0.0781319945486612,0.4254328202661536,546.863,543.9545,547.7384527431191,543.5002740750746,71.77559825443457,5.792967612376742,5.655484506400972,555.28
555.44,556.2501,554.19,555.28,35042786.0,0.0781319945486612,0.4254328202661536,547.94,544.9855,549.109643153461,544.6221527345913,72.08476999340004,6.034238463365568,5.7312352977938925,555.82
556.26,557.18,555.52,555.82,27267633.0,0.0781319945486612,0.4254328202661536,549.2479999999999,546.0759999999999,550.3297080346499,545.6886143789159,67.78136423576274,6.197579005156058,5.824504039266326,561.32
557.07,561.67,556.77,561.32,38356194.0,0.0781319945486612,0.4254328202661536,550.897,547.359,552.3279429374409,547.1773177714001,72.40653113197926,6.693671121884677,5.998337455789996,556.48
561.44,562.33,555.83,556.48,52706585.0,0.0781319945486612,0.4254328202661536,551.9939999999999,548.3355,553.0828624033607,548.0632875074573,64.82173522500649,6.619969263231837,6.122663817278364,559.99
557.63,563.67,557.15,559.99,52036648.0,0.0781319945486612,0.4254328202661536,553.356,549.267,554.3387056027497,549.1991648876995,73.45451429202427,6.766784396615094,6.25148793314571,561.53
562.03,564.8371,559.63,561.53,39747529.0,0.0781319945486612,0.4254328202661536,555.0870000000001,550.221,555.6462136749769,550.37353013649,78.66948119094482,6.9275451490194655,6.386699376320462,564.86
562.865,565.16,562.1,564.86,36395318.0,0.0781319945486612,0.4254328202661536,557.039,551.325,557.3214475522539,551.7531939330147,79.44718870153946,7.240191947638095,6.55739789058399,556.94
558.8,560.51,556.61,556.94,56363332.0,0.0781319945486612,0.4254328202661536,557.8320000000001,551.817,557.2520934518441,552.2471754632038,63.854523782707155,6.770838961397544,6.600086104746701,552.66
558.51,559.52,550.43,552.66,56212063.0,0.0781319945486612,0.4254328202661536,557.952,552.0255,556.4171673696906,552.2864920857559,57.04050148719447,5.984527203386847,6.476974324474731,548.99
552.42,554.08,547.91,548.99,64684164.0,0.0781319945486612,0.4254328202661536,557.387,552.125,555.0667733024741,551.9725404585411,55.163438573541,5.0075077097501435,6.183081001529814,554.65
553.0,555.27,551.02,554.65,43079133.0,0.0781319945486612,0.4254328202661536,557.324,552.632,554.9909963383878,552.2275366053467,59.1760136316934,4.636480953086107,5.873760991841073,553.78
554.54,556.735,553.275,553.78,34305474.0,0.0781319945486612,0.4254328202661536,557.1200000000001,553.184,554.7708151859537,552.3753902619803,54.9759906183211,4.2235513750378,5.543719068480419,541.23
548.86,549.17,540.29,541.23,74471646.0,0.3999999999999999,0.8166666666666668,555.111,553.004,552.3088487885075,551.3139245227442,41.18558372224412,2.8507598096148286,5.005127216707301,538.41
541.35,547.455,537.45,538.41,61109252.0,0.3999999999999999,0.8166666666666668,553.304,552.649,549.7817853724152,550.0849793301019,35.92855032079582,1.5177663061111843,4.307655034588078,544.44
542.28,547.19,541.49,544.44,53395294.0,0.175,0.59375,551.749,552.5525,548.8105516683397,549.5473622510445,41.40500190818235,0.9371273354903451,3.6335494947685314,544.76
546.02,547.05,542.72,544.76,38782837.0,0.175,0.59375,550.0719999999999,552.5795,548.0740877286415,549.0914229890403,41.19986351371592,0.49705831479889184,3.0062512587746038,542.0
546.26,547.34,538.515,542.0,46698790.0,0.0513888888888888,0.3319444444444444,547.7860000000001,552.4125,546.9697081416158,548.4160493710365,33.92678078244704,-0.07356052836166782,2.3902889013473496,550.81
548.98,553.5,547.5799,550.81,65493213.0,-0.0099999999999999,0.5549999999999999,547.173,552.5024999999999,547.6679430249584,548.6440446690331,45.575142218635946,0.18300374583850498,1.9488318702455807,543.01
552.57,554.8688,539.43,543.01,75433227.0,0.025,0.5875,546.208,552.08,546.8210442931477,548.107468986268,37.58044871085015,-0.2402920934158601,1.5110070775132927,532.9
535.75,536.99,528.6,532.9,82782352.0,0.025,0.5875,544.5989999999999,550.9929999999999,544.2899453307572,546.6591386066234,31.392168991416,-1.3756914877784538,0.9336673644549434,517.38
511.64,523.58,510.27,517.38,146018265.0,0.025,0.5875,540.8720000000001,549.0980000000001,539.3972279978922,543.8706492155164,23.361755755558974,-3.487634700025069,0.049406951558940926,522.15
519.22,529.75,517.87,522.15,84436699.0,0.0210858585858585,0.4624323593073593,537.709,547.4145000000001,536.2613683619118,541.8020159568958,29.7661926634093,-4.722033117597107,-0.9048810622722686,518.66
528.47,531.59,518.0519,518.66,70486085.0,0.2288888888888888,0.3577777777777778,535.452,545.2814999999999,533.0611195688368,539.5980144371915,30.04225850444209,-5.9137466001096755,-1.9066541698397501,530.65
523.91,531.29,521.84,530.65,63269260.0,0.2288888888888888,0.3577777777777778,534.676,543.99,532.6227341926847,538.7458225860304,40.19250735085449,-5.823564894384617,-2.6900363147487236,532.99
529.81,534.51,528.56,532.99,45425963.0,0.2288888888888888,0.3577777777777778,533.531,542.64,532.6895097940147,538.1976490064085,37.990679398209025,-5.499877633268056,-3.25200457845259,533.27
534.21,535.73,530.95,533.27,42533175.0,0.2288888888888888,0.3577777777777778,532.382,541.227,532.7950534678303,537.7283491010362,38.553403954150504,-5.161263652241928,-3.6338563932104577,542.04
536.53,542.28,536.28,542.04,50110167.0,0.2288888888888888,0.3577777777777778,532.386,540.086,534.4759528373156,538.1389825199851,50.47196472896505,-4.137548839161809,-3.734594882400728,543.75
542.85,544.96,540.12,543.75,42362522.0,0.2288888888888888,0.3577777777777778,531.6800000000001,539.4265,536.1621432305309,538.6733651371294,53.15229345770831,-3.151931263795177,-3.618062158679618,553.07
549.5,553.36,548.88,553.07,60762738.0,0.2288888888888888,0.3577777777777778,532.6859999999999,539.447,539.236299006798,540.0444732193075,54.903957624100386,-1.6003285336499857,-3.2145154336736916,554.31
551.42,555.02,551.26,554.31,44368969.0,0.2288888888888888,0.3577777777777778,534.827,539.713,541.976971914653,541.4030948174687,55.37059076382553,-0.2675306278820244,-2.6251184725153585,559.61
554.73,559.61,553.86,559.61,38648958.0,0.1867676767676767,0.6531313131313131,539.05,539.961,545.1829770210796,543.1370857872337,59.62820300935111,1.2025250604306166,-1.8595897659261635,558.7
559.15,560.84,557.325,558.7,33693989.0,0.1962962962962962,0.4935185185185185,542.705,540.207,547.6406175627016,544.6192680932114,54.721714349443495,2.2679815106990873,-1.0340755106011135,560.62
559.77,562.11,557.99,560.62,41486103.0,0.1962962962962962,0.4935185185185185,546.901,541.1765,550.000505278574,546.1431473224294,61.33641227359636,3.2300572878530147,-0.1812489509102878,556.22
562.56,563.18,554.98,556.22,55852753.0,0.0672727272727272,0.4709090909090909,549.458,542.067,551.1313225006514,547.1028475774361,66.20343347904301,3.596013440462457,0.5742035273642612,562.13
559.53,563.09,557.29,562.13,49663754.0,0.0672727272727272,0.4709090909090909,552.3720000000001,542.9515,553.1310820459876,548.5340049510137,85.88610741931835,4.313204005151306,1.3220036229216703,560.79
563.18,563.91,559.05,560.79,35144494.0,0.26875,0.64375,555.124,543.7529999999999,554.5236125830808,549.7012425747266,82.7902043607797,4.719057535831666,2.0014144055036693,561.56
559.49,562.06,558.32,561.56,32029663.0,0.3083333333333333,0.5216666666666667,557.0759999999999,544.731,555.8029557497933,550.8306480438002,88.16723782310804,5.044680016725579,2.6100675277480514,558.3
561.21,561.65,555.04,558.3,40558700.0,0.3083333333333333,0.5216666666666667,558.531,545.1055,556.2569637952854,551.5420148967717,79.12363371116767,4.982251134044532,3.084504249007348,558.35
560.31,563.68,557.18,558.35,38658614.0,0.0891534391534391,0.4093915343915344,559.059,545.8725000000001,556.6375158325062,552.1903944304124,78.06549152463747,4.880550429561708,3.44371348511822,563.68
560.77,564.2,557.14,563.68,61635914.0,0.1266666666666666,0.6866666666666666,559.996,547.4114999999999,557.9179674993233,553.284642579897,80.27073215627615,5.170436767308047,3.789058141556186,552.08
560.47,560.81,549.51,552.08,60572158.0,0.0238510101010101,0.567929292929293,559.243,549.1465000000001,556.8565188630827,553.1699147151448,59.46097187234074,4.413277211213995,3.913901955487748,550.95
550.2,554.43,549.46,550.95,47187878.0,0.206,0.6214999999999999,558.4680000000001,550.5865,555.7826063425222,552.9584942660834,56.85974092918504,3.679624827251928,3.8670465298405845,549.61
550.89,553.7995,547.1,549.61,44221714.0,0.0333333333333333,0.5,557.367,552.134,554.6603142802453,552.639590050266,46.112345043307116,2.955998317569424,3.6848368873863526,540.36
549.94,551.6,539.44,540.36,68474879.0,0.1048611111111111,0.3409722222222222,555.781,552.6195,552.0602571383824,551.470105283574,36.71680605531741,1.617476142546593,3.2713647384184013,546.41
544.65,547.71,542.68,546.41,40320265.0,0.1048611111111111,0.3409722222222222,554.2090000000001,553.2905000000001,551.0329376586765,550.9881904946621,37.60795106062111,1.0329647388387002,2.823684738502461,548.79
548.36,549.15,543.38,548.79,36362274.0,0.0078125,0.5192708333333333,553.009,554.0665,550.6251308116443,550.7788390189801,40.946453987751475,0.7531000807903183,2.4095678069600326,554.42
548.7,555.36,539.96,554.42,75188663.0,0.1056547619047619,0.5227380952380952,552.2950000000001,554.6854999999999,551.3151070277089,551.1256162552677,44.695403392613784,0.974367370572395,2.122527719682505,559.09
555.01,559.4,552.74,559.09,51859135.0,0.0583333333333333,0.3583333333333333,552.374,555.4525,552.7287239317618,551.8841289928612,52.44420483360812,1.5091566446686784,1.9998535046797399,562.01
559.71,563.03,559.45,562.01,39302797.0,0.1267857142857142,0.3391483516483516,552.74,555.8995,554.4162286714414,552.8484976602077,49.89230620078451,2.1438871967991417,2.0286602431036203,562.84
561.74,563.11,559.9,562.84,36162873.0,0.1267857142857142,0.3391483516483516,552.6560000000001,556.326,555.947823458452,553.8000693116165,51.85653457722368,2.6829622767099863,2.1595206498248936,563.07
565.1,566.58,560.795,563.07,49174813.0,0.1954545454545454,0.7090909090909091,553.7549999999999,556.499,557.2427646478244,554.6829198533674,51.381000195097904,3.0930870569625313,2.346233931252421,561.4
563.74,568.69,560.83,561.4,59038884.0,0.0122222222222222,0.4988888888888889,554.8,556.634,557.9986256209472,555.3226417720942,52.92010661489279,3.2459416619242347,2.526175477386784,570.98
571.01,572.88,568.08,570.98,74787929.0,0.0454545454545454,0.3181818181818182,556.937,557.1519999999999,560.3588755080477,556.8138187461805,60.08623476749262,4.092925279350993,2.8395254377796264,568.25
567.84,569.31,565.17,568.25,76511430.0,0.0233333333333333,0.4302777777777777,559.726,557.7535,561.7936254156754,557.9029788655919,53.80768616384596,4.492095631701318,3.170039476563965,569.67
569.34,570.3325,568.1,569.67,43858373.0,-0.0930555555555555,0.7125,562.0519999999999,558.1305,563.2256935219162,559.0236475450594,67.64999102749587,4.866920316514779,3.509415644554128,571.3
570.48,571.36,567.6,571.3,46489998.0,-0.0930555555555555,0.7125,564.303,558.6560000000001,564.6937492452041,560.1928239693394,70.21655110209174,5.235151390753003,3.854562793793903,570.04
571.14,571.89,568.91,570.04,38202261.0,-0.0930555555555555,0.7125,565.865,559.08,565.6657948369851,561.1306502579738,70.32833861499014,5.36347885472037,4.156346005979197,572.3
574.38,574.71,569.9,572.3,48272986.0,0.052,0.1929999999999999,567.186,559.78,566.8720139575332,562.1943978524525,86.91629179777874,5.583182949227876,4.441713394628932,571.47
573.39,574.22,570.42,571.47,41979765.0,0.052,0.4,568.132,560.4359999999999,567.7080114197998,563.0777885331713,82.93898104243601,5.625478944078623,4.6784665045188705,573.76
570.42,574.38,568.08,573.76,62335196.0,0.1007407407407407,0.432962962962963,569.2239999999999,560.94,568.8083729798362,564.0951420062027,82.89852014283841,5.777186872305606,4.898210578076218,568.62
573.4,574.0622,566.0,568.62,72618145.0,0.1999999999999999,0.3166666666666666,569.779,561.767,568.7741233471387,564.5260808627547,68.95352468368009,5.420180982770489,5.002604659015073,568.86
567.71,569.9,565.27,568.86,36954096.0,0.1999999999999999,0.3166666666666666,570.525,562.6625,568.7897372840225,564.9388350663019,64.78955776403848,5.097852368658778,5.021654200943814,567.82
567.36,569.8025,565.49,567.82,40222890.0,-0.0291666666666666,0.5541666666666667,570.2090000000001,563.573,568.6134214142003,565.213231726654,59.32581603334121,4.704257558529662,4.958174872460984,572.98
572.35,573.36,568.1,572.98,42988748.0,-0.0410227272727272,0.5345454545454545,570.682,565.204,569.4073447934366,565.9529239431632,64.28971533100298,4.7538997151687,4.917319841002527,567.8
571.3,571.9599,566.63,567.8,49940658.0,0.0639204545454545,0.5005681818181819,570.495,566.2735,569.1151002855389,566.1288359485762,55.84959728186083,4.325398274186,4.798935527639222,573.17
570.42,573.78,569.5299,573.17,37343183.0,0.0488239538239538,0.4588600288600288,570.682,567.4925000000001,569.8523547790772,566.7994230010927,63.33557927264652,4.368761552342789,4.712900732579936,577.14
573.16,577.71,572.55,577.14,37878456.0,0.0731691919191919,0.4031565656565656,571.392,568.6285,571.1773811828814,567.7842398581315,57.99582523516216,4.669644330929032,4.704249452249755,576.13
575.77,577.58,574.49,576.13,44020938.0,0.0741269841269841,0.438042328042328,571.775,569.4805,572.0778573314484,568.5790741573571,60.70649864426686,4.771593581035859,4.717718278006976,579.58
576.05,580.33,575.91,579.58,42223198.0,0.0035,0.5065000000000001,572.586,570.359,573.441883271185,569.626781380466,62.76072936775158,5.072304890025066,4.788635600410594,584.32
581.22,585.27,580.73,584.32,36194866.0,0.0035,0.5065000000000001,573.642,571.433,575.419722676424,571.0261355347074,65.52215266308698,5.628220532224304,4.956552586773337,579.78
584.59,584.9,578.545,579.78,54177417.0,0.0035,0.5065000000000001,574.758,572.2684999999999,576.2125003716196,571.8598369123544,60.76955217218642,5.637462468053059,5.092734563029282,582.3
579.78,582.83,578.96,582.3,30710995.0,-0.02125,0.5224358974358975,576.102,573.3135,577.3193184858706,572.8541381587968,60.99382467208563,5.781484355462453,5.230484521515916,582.35
585.91,586.12,582.16,582.35,34342753.0,0.1575757575757575,0.4535984848484848,577.5550000000001,573.8820000000001,578.2339878520759,573.7585059531971,62.170002899775334,5.832424758925981,5.3508725689979295,584.59
584.07,585.39,582.58,584.59,37412809.0,0.188030303030303,0.5873809523809523,578.716,574.6990000000001,579.3896264244256,574.7900768147974,62.12764009435696,5.984558411110584,5.477609737420461,583.63
583.85,584.85,580.6001,583.63,35957860.0,0.188030303030303,0.5873809523809523,580.299,575.397,580.1606034381664,575.6319742610071,68.5445772269808,5.958970151014682,5.573881820139306,583.32
581.05,584.5,580.38,583.32,34146549.0,0.2410353535353535,0.592929292929293,581.3140000000001,575.9979999999999,580.7350391766815,576.3641671885302,67.83421436410946,5.846284532409527,5.62836236259335,577.99
581.26,581.7086,574.415,577.99,49278112.0,-0.1142857142857142,0.45,581.399,576.3955,580.2359411445576,576.5190084086702,61.34283161276717,5.26618856874552,5.555927603823784,579.24
579.98,580.06,576.57,579.24,34897444.0,0.2141414141414141,0.4756565656565656,581.7099999999999,576.7425,580.0548609364562,576.7781504649873,57.64905163522177,4.851398983894796,5.415021879837987,579.04
581.51,584.46,578.08,579.04,46940935.0,0.1,0.525,581.656,577.121,579.8703407661914,576.9935647064171,65.6371474980504,4.455180374864767,5.223053578843343,580.83
582.58,582.71,580.52,580.83,29654704.0,0.1,0.525,581.307,577.4745,580.0448242632474,577.3589394962821,61.83557275346048,4.236773426196123,5.025797548313899,581.77
579.85,582.907,578.43,581.77,41940377.0,0.0752701118326118,0.3600901875901875,581.5060000000001,578.1320000000001,580.3584925790205,577.7790404966362,57.89291474596629,4.092360307709782,4.839110100193076,580.01
581.29,583.32,579.29,580.01,40574283.0,0.075,0.525,581.277,578.6895000000001,580.2951302919258,577.9915128302898,56.449441812094825,3.7921806814574666,4.629724216445954,568.64
575.56,575.63,568.44,568.64,59909578.0,0.25,0.375,579.906,578.7305,578.1760156933939,577.1008925607383,35.60525004017106,2.6067729323257254,4.225133959621909,571.04
571.32,575.55,570.62,571.04,44828457.0,0.2267857142857142,0.5154761904761905,578.5509999999999,578.6335,576.878558294595,576.5236646978109,31.379684820090063,1.8397808447459738,3.748063336646722,569.81
571.18,572.5,567.89,569.81,34968183.0,0.02578125,0.44453125,577.169,578.734,575.5933658773959,575.8842680599241,34.590402341093295,1.119775296417174,3.2224057286008128,576.7
570.74,576.74,570.52,576.7,39143366.0,0.2635416666666667,0.5732142857142857,576.507,578.9105,575.7945720815056,575.9619568161218,42.374711512909734,1.0925370429239365,2.7964319914654374,591.04
589.2,591.93,585.39,591.04,66899640.0,0.0458333333333333,0.0583333333333333,577.812,579.6055,578.5664680666864,577.3979609288721,58.517921598688375,2.20267759026774,2.677681111225898,595.61
593.08,596.65,592.9999,595.61,46301414.0,0.2795454545454545,0.5943181818181819,579.449,580.5795,581.6652920545615,579.132440840408,60.32994292052487,3.4119024910041844,2.824525387181555,598.19
596.17,599.64,596.165,598.19,46013576.0,0.2795454545454545,0.25,581.364,581.51,584.6697844082776,580.9474464746548,63.245980978098025,4.526230803649582,3.1648664704751606,598.76
599.81,600.17,597.0,598.76,37384211.0,0.1615918803418803,0.4044871794871794,583.1569999999999,582.232,587.2316417885907,582.6438801437354,63.98042564784564,5.39316915909933,3.6105270081999947,596.9
598.68,599.29,594.37,596.9,42815840.0,0.0907407407407407,0.3379629629629629,584.67,583.088,588.989525099756,584.001605844332,68.27051293164861,5.862557680786722,4.0609331427173405,597.19
597.37,599.23,594.96,597.19,46771835.0,0.0907407407407407,0.3379629629629629,586.388,583.8325,590.4805205361639,585.257643382967,67.67078268574605,6.186636349564196,4.486073784086711,593.35
597.32,597.81,592.65,593.35,38689477.0,0.1777777777777778,0.4222222222222222,588.859,584.3824999999999,591.0022440750432,586.0283440131606,63.145308028030286,6.063716373825059,4.801602302034381,585.75
589.72,590.2,583.86,585.75,75902951.0,0.1777777777777778,0.4222222222222222,590.33,584.4404999999999,590.0472906068535,586.0018350595262,54.08365276940337,5.292041562361874,4.89969015409988,588.15
586.22,589.49,585.34,588.15,35732550.0,0.055,0.655,592.164,584.6665,589.7023286783347,586.2064221967142,55.170165763657664,4.818597860362388,4.883471695352382,590.3
584.71,591.045,584.03,590.3,48048527.0,0.090625,0.4375,593.524,585.0155,589.8109961913647,586.5962867494081,58.28634536948239,4.5642633603871445,4.8196300283593345,590.5
590.38,590.79,584.63,590.5,49168339.0,-0.025,0.2875,593.47,585.641,589.9362696111165,586.9680689637502,71.46502355635639,4.328938457439108,4.721491714175289,593.67
593.4,595.12,587.45,593.67,46716101.0,0.0971428571428571,0.4471428571428572,593.2760000000001,586.3625,590.6151296818225,587.6063481100597,71.8900946708971,4.348111955614513,4.6468157624631345,595.51
593.66,596.15,593.1525,595.51,38137895.0,0.0971428571428571,0.3333333333333333,593.008,587.1859999999999,591.5051061033093,588.3590768614825,74.56976971363713,4.460363420502745,4.609525294071057,597.53
599.52,600.86,595.2,597.53,42365646.0,0.0971428571428571,0.3333333333333333,592.885,588.021,592.6005413572531,589.2324981127699,71.95865470332762,4.658618973671537,4.6193440299911535,600.65
598.8,601.33,598.07,600.65,45037222.0,0.0187499999999999,0.69375,593.26,588.9649999999999,594.064079292298,590.319879244887,63.26979050601855,5.009746612494155,4.697424546491754,598.83
600.46,600.85,597.28,598.83,33830457.0,0.0072916666666666,0.4979166666666665,593.424,589.906,594.930610330062,591.1303669358502,54.81169254740902,5.08257029974834,4.7744536971430716,602.55
599.66,603.35,599.3805,602.55,29846717.0,-0.0107828282828282,0.557121212121212,594.344,591.6015,596.3159539064143,592.2179510371978,56.30055525411046,5.3784570028706185,4.8952543582885815,603.63
602.97,604.32,602.47,603.63,31012758.0,0.1892857142857143,0.444047619047619,596.132,593.231,597.6457804688844,593.304812843179,56.93532335247717,5.63513795827555,5.0432310782859755,603.91
603.39,604.16,602.341,603.91,26685817.0,0.1892857142857143,0.444047619047619,597.708,594.9359999999999,598.7847294745417,594.314830667638,60.45330013879504,5.794359356860355,5.1934567340008515,607.66
605.63,607.91,604.95,607.66,41320349.0,0.25,0.25,599.4440000000001,596.484,600.3984150246249,595.585799175482,64.15244936106261,6.152218180744626,5.385209023349606,606.66
607.66,608.48,606.305,606.66,28612464.0,0.025,0.7013888888888888,601.0600000000001,597.265,601.5368850201476,596.6404849682932,69.48752641799796,6.282709074890477,5.56470903365778,607.81
607.44,609.07,607.02,607.81,30317162.0,-0.0111111111111111,0.5111111111111111,602.4739999999999,597.8749999999999,602.6774513801207,597.7042483046463,89.81944918872621,6.405085597940456,5.7327843465143165,604.68
607.69,607.86,604.08,604.68,34005574.0,-0.0111111111111111,0.5111111111111111,603.391,598.1995,603.0415511291897,598.3686056089657,79.0713645093528,6.178285602062942,5.821884597624042,602.8
605.37,605.8,602.13,602.8,36796272.0,-0.0111111111111111,0.5111111111111111,603.918,598.4015,602.9976327420642,598.7906431700166,72.1945663805424,5.780213974500157,5.813550472999265,607.46
605.78,608.435,605.5,607.46,28008357.0,0.2634920634920635,0.4841269841269841,604.5989999999999,598.9295,603.808972243507,599.6162962014436,75.99628865885848,5.774201001629081,5.805680578725228,604.33
606.58,607.16,604.33,604.33,31267689.0,0.0975,0.2095833333333333,605.149,599.2864999999999,603.9037045628694,600.0652203727346,66.3597013801162,5.454000512893799,5.735344565558943,604.21
606.4,607.13,602.81,604.21,34771316.0,0.0833333333333333,0.4166666666666667,605.315,599.8295,603.9593946423477,600.459961289617,64.09588796686883,5.131404682541074,5.614556588955369,606.79
606.0,607.7795,605.21,606.79,41912384.0,0.0587121212121212,0.3901515151515151,605.6310000000001,600.8815,604.4740501619208,601.0628221191772,64.73580820174051,5.025993081181696,5.496843887400635,604.29
604.19,605.17,602.885,604.29,52938951.0,0.0587121212121212,0.3901515151515151,605.669,601.6885,604.4405864961169,601.3701723935413,55.909065495879325,4.686699170359589,5.334814943992426,586.28
603.98,606.405,585.89,586.28,103804119.0,0.1702272727272727,0.3907575757575757,603.531,601.4875,601.138661678641,599.933013117966,36.646083995633525,2.930765773899452,4.854005109973832,586.1
591.36,593.0,585.85,586.1,84416222.0,0.0102175324675324,0.6714989177489178,601.475,601.2675,598.4043595552517,598.6155832972073,31.070185616050708,1.5072764658591495,4.184659381150896,591.15
581.77,595.75,580.91,591.15,125000829.0,-0.0022222222222222,0.3088194444444444,599.809,601.1415,597.0853850906605,597.9045753641399,36.84098448389317,0.7776791280399493,3.5032633305287066,594.69
590.89,595.3,587.661,594.69,54229252.0,0.0666666666666666,0.5666666666666667,598.8100000000001,601.1005,596.6498605287222,597.5984253294599,40.9036982507543,0.4795880043577654,2.8985282652945186,601.3
596.06,601.34,595.47,601.3,31786391.0,0.1273741883116883,0.5221117424242424,598.66,601.289,597.4953404325909,597.9509562504637,44.06050398119056,0.767868884614245,2.472396389158464,601.34
599.5,602.48,598.0825,601.34,41005317.0,0.1273741883116883,0.5221117424242424,598.048,601.3235,598.1943694448471,598.2737223218481,44.94103025533623,0.9881702137653292,2.1755511540798373,595.01
597.54,597.7761,590.7647,595.01,64126858.0,-0.3416666666666666,0.7291666666666666,597.116,601.1324999999999,597.6153931821476,597.9628916245292,38.91965815659258,0.6445525062482602,1.869351424513522,588.22
587.89,591.74,584.41,588.22,55987123.0,-0.3416666666666666,0.7291666666666666,595.517,600.4159999999999,595.9071398763026,597.0349971840978,36.60044753490293,-0.1736613957237978,1.4607488604660583,586.08
589.905,590.6399,584.42,586.08,56676490.0,0.3,0.7153846153846154,593.446,599.5385,594.1203871715203,595.9916641189457,36.4461655277835,-0.9834453770896516,0.9719100129549164,584.64
589.39,591.13,580.5,584.64,49863281.0,0.0577777777777777,0.4216666666666667,591.481,598.575,592.396680413062,594.9105532504745,30.482373815373975,-1.7215559564834848,0.4332168190672362,591.95
587.53,592.6,586.43,591.95,37596737.0,0.0577777777777777,0.4216666666666667,592.048,597.7895000000001,592.3154657925053,594.6285957980484,40.118126410380434,-1.6970949465331842,0.007154465947152133,595.36
596.27,599.7,593.6,595.36,46234325.0,0.0577777777777777,0.05,592.9739999999999,597.2245,592.8690174665952,594.6982533410913,43.28832692193875,-1.3865674322240693,-0.2715899136870921,588.63
597.42,597.75,586.78,588.63,59144039.0,-0.0317550505050505,0.345770202020202,592.722,596.2655000000001,592.0982870181233,594.1203244514636,37.04337159521689,-1.664341403266917,-0.5501402116030571,589.49
588.7,590.5799,585.195,589.49,46467822.0,-0.0288888888888888,0.3728472222222222,592.202,595.5060000000001,591.6240530148282,593.6793411703719,39.18760156887172,-1.794399740656445,-0.7989921174137347,580.49
585.88,585.95,578.55,580.49,72266996.0,-0.0288888888888888,0.3728472222222222,590.121,594.3905,589.5996797394048,592.4232134398603,45.128712236211186,-2.5937970164955004,-1.157953097230088,581.39
575.77,581.75,575.35,581.39,47467366.0,-0.1,0.4,588.126,593.087,588.1070106958766,591.3724312074927,46.084777303626204,-3.1187516113382117,-1.5501128000517128,582.19
584.36,585.0,578.35,582.19,48261029.0,0.058080808080808,0.3527777777777777,586.844,591.98,587.0311905693536,590.4979139496363,41.98567821467818,-3.430681831099946,-1.9262266062613596,592.78
590.325,593.94,589.195,592.78,56053984.0,0.1403125,0.5116666666666667,587.3,591.4085,588.076428647653,590.7152554782424,48.48291217218785,-2.7911891903879678,-2.0992191230866815,591.64
594.175,594.35,590.93,591.64,43106931.0,0.0872077922077922,0.5283116883116883,587.856,590.6510000000001,588.724350711716,590.8033263850765,41.59706711275336,-2.3492939397971213,-2.14923408642877,597.58
596.96,599.36,595.61,597.58,54136167.0,0.2057291666666666,0.3916666666666666,589.15,590.3154999999999,590.3344687641313,591.4487238722121,47.03375420522944,-1.5024609777696014,-2.019879464696936,603.05
600.67,603.06,598.67,603.05,40466483.0,-0.1114393939393939,0.4203787878787879,590.26,591.154,592.6463835342893,592.5536073129538,56.429929782165416,-0.38551252059403396,-1.6930060758763557,606.44
605.92,607.82,605.36,606.44,46983541.0,0.1125,0.6125,591.368,592.171,595.1543138007821,593.8761209021962,65.40932145246109,0.7644102024989934,-1.2015228202012858,609.75
605.8,609.75,605.52,609.75,39611353.0,0.1125,0.6125,593.48,593.101,597.8080749279126,595.3879189115108,69.63010491256473,1.9206811655776619,-0.5770820230454963,607.97
609.81,610.78,606.8,607.97,34354188.0,0.0872222222222222,0.5363888888888889,595.3280000000001,593.765,599.6556976682921,596.5862123485099,69.23963435007622,2.6627090578407433,0.0708761931317517,599.37
594.81,599.69,594.64,599.37,68808366.0,-0.1625,0.7875,597.2160000000001,593.6685,599.6037526376934,596.8513349819851,55.99158940758634,2.527685793285059,0.5622381131624131,604.52
600.62,605.37,597.25,604.52,43219969.0,0.5,0.5,599.529,593.8275000000001,600.4976157944764,597.5816840313199,57.19445804708743,2.803919010020195,1.0105742925339696,601.81
603.72,604.13,599.22,601.81,36977113.0,0.0632440476190476,0.4339285714285714,601.4910000000001,594.1675,600.7362311045715,597.9843807902419,61.04961678915765,2.772205216749853,1.3629004773771465,605.04
603.96,606.6,600.715,605.04,38894942.0,0.2805555555555555,0.4097222222222222,602.717,595.0085,601.5187345401039,598.6563445245046,62.538286154878115,2.9734299631420527,1.6850063745301278,601.82
607.5,609.96,601.05,601.82,66168550.0,0.1382665945165945,0.4788284632034632,603.735,595.7955,601.5735100782667,598.9576450459804,68.96672655994722,2.8403333403650777,1.916071767697118,597.77
592.67,600.29,590.49,597.77,65560583.0,0.059090909090909,0.3636363636363636,603.7540000000001,596.452,600.8819627913091,598.8445359939822,63.792507694592324,2.3806099653646697,2.0089794072306284,601.78
597.83,602.3,597.28,601.78,33235104.0,0.2375,0.6375,603.6270000000001,596.9435,601.0452422837983,599.1241039945553,65.64945008639873,2.313184415545379,2.0698204088935785,604.22
600.64,604.37,598.58,604.22,30564894.0,0.2375,0.375,603.405,597.3865,601.6224709594713,599.6094274236452,60.506964601441915,2.428640928757659,2.1415845128663946,606.32
605.99,606.4525,602.63,606.32,35672999.0,0.2375,0.375,603.062,598.271,602.4765671486583,600.2485295737744,63.249081489401824,2.6589428587244583,2.2450561820380073,600.77
606.89,608.13,600.05,600.77,50375800.0,-0.0375,0.5758333333333334,602.3419999999999,598.8349999999999,602.1662822125386,600.2981934238911,52.89945936025388,2.3663424578867307,2.269313437207752,604.85
604.03,605.4999,602.74,604.85,25980716.0,0.0002066115702479,0.4283746556473828,602.89,600.053,602.6542309011679,600.731698812092,51.678464686712,2.4356003494482366,2.302570819655849,605.31
602.55,605.86,602.43,605.31,29874964.0,-0.016,0.2759999999999999,602.969,601.249,603.1370980100464,601.1677274966547,48.885368230515674,2.4988012576579877,2.341816907256277,603.36
599.2,604.55,598.51,603.36,44975771.0,0.07875,0.5295833333333333,603.124,602.3075,603.1776256445834,601.3765153541162,43.52319867575957,2.3642857155697357,2.3463106689189686,609.73
604.48,609.94,603.2,609.73,40050989.0,0.07875,0.1041666666666666,603.593,603.155,604.3689664364773,602.1720853203909,51.63203407180124,2.7401007670325725,2.4250686885416894,609.7
609.94,610.99,609.07,609.7,26606823.0,0.0827609427609427,0.2315488215488215,604.3810000000001,604.058,605.3382452662087,602.8890295755918,61.38917619738777,3.0009233769590082,2.540239626225153,611.49
610.88,611.49,608.38,611.49,26553596.0,0.0827609427609427,1.0,605.753,604.7535,606.456746126898,603.7081696160117,58.299575703880485,3.3138650414090307,2.694964709261929,612.93
610.08,613.23,609.56,612.93,29835532.0,0.1542438271604938,0.4897376543209876,606.868,605.2475000000001,607.6337013765528,604.5864391763915,63.65420208352584,3.636154208241237,2.8832026090577907,610.38
611.54,611.684,607.02,610.38,36204555.0,0.1344576719576719,0.7749338624338625,607.484,605.4445,608.1330283989977,605.1382068738781,56.66831185423668,3.6438035075170774,3.035322788749648,599.94
610.16,610.3,599.47,599.94,76034859.0,0.2130681818181818,0.5904356060606061,606.846,604.954,606.6433868719072,604.6431395525564,48.01098873986792,2.775451209143398,2.983348472828398,597.21
602.02,603.03,596.49,597.21,50107369.0,0.075,0.225,606.49,604.416,604.9282256224695,603.9352214999319,49.39049430851289,1.8457113604559936,2.7558210503539176,594.24
597.15,597.89,589.56,594.24,56225678.0,0.0382812499999999,0.3899677579365079,605.429,604.1595,602.9849118729296,603.011867071367,41.603550502233716,0.8593258794562644,2.376522016174387,594.54
595.93,599.58,591.8556,594.54,43274377.0,0.1944444444444444,0.3888888888888888,604.352,603.6605,601.4494733505787,602.2050225883796,38.68099762549175,0.10065547833733035,1.9213487086069758,585.05
596.85,598.02,584.65,585.05,73719886.0,0.0833333333333333,0.5766666666666667,602.521,602.8225,598.4677509232007,600.5712109132959,28.79361110447526,-1.2519285165943757,1.2866932635667054,594.18
585.56,594.72,582.44,594.18,88474500.0,0.0833333333333333,0.3597222222222223,600.966,602.2795,597.6881598462551,599.9625241596486,43.867474145828375,-1.5690592417792004,0.7155427624975244,583.77
596.18,597.34,579.9,583.77,73416783.0,0.09375,0.4125,598.3729999999999,601.377,595.1575853287542,598.4203790015869,32.450874886575804,-2.630069818584616,0.04642024628109631,576.86
579.71,585.39,572.25,576.86,108352679.0,0.09375,0.4125,594.91,600.3315,591.8307516326171,596.3670095728644,28.612232738366217,-3.9825986771235193,-0.7593835383998269,583.06
576.69,584.88,573.0795,583.06,70217709.0,-0.0611111111111111,0.2611111111111111,591.923,599.3955,590.2360695175958,595.0996753278297,35.65573065036409,-4.502299649743804,-1.5079667606686225,572.71
575.48,580.1736,570.12,572.71,80328058.0,0.0277777777777777,0.3055555555555555,588.1560000000001,597.8199999999999,587.0495114234874,592.9673252966078,25.23414030936614,-5.683805543964809,-2.3431345173278597,575.92
570.9,577.39,565.63,575.92,80387300.0,0.0277777777777777,0.3055555555555555,585.754,596.3,585.0259638919442,591.3437705064547,28.32391688225293,-6.288645711300774,-3.1322367561224427,560.58
567.59,569.54,555.59,560.58,97098010.0,0.0277777777777777,0.3055555555555555,582.091,594.2905000000001,580.581243184318,588.4138876010782,22.17120027990798,-7.9145615607942545,-4.088701717056805,555.92
559.4,564.02,552.02,555.92,87506331.0,0.0333333333333333,0.3821428571428571,578.259,591.844,576.0973807871693,585.3192316390707,19.89650144100716,-9.469970712838517,-5.164955516213148,558.87
562.17,563.11,553.69,558.87,68141184.0,0.05,0.2166666666666666,574.692,589.5219999999999,572.9651297349567,582.8002571972545,22.915129658094187,-10.345348587370609,-6.20103413044464,551.42
558.49,559.105,549.68,551.42,73664212.0,0.1749621212121212,0.5257323232323232,571.329,586.925,569.04783341951,579.8116612737065,23.659062635972987,-11.507592237361678,-7.2623457518280485,562.81
556.11,563.83,551.4917,562.81,62010689.0,-0.096875,0.48125,568.192,584.579,567.91368188869,578.1924554381153,32.92972944604783,-11.378437350746594,-8.085564071611758,567.15
562.79,569.71,562.35,567.15,48078729.0,0.1428571428571428,0.5892857142857143,566.53,582.4515,567.7748306362008,577.1407930154377,36.73748639650628,-10.80136799683737,-8.62872485665688,561.02
564.8,565.02,559.06,561.02,63962741.0,-0.0354166666666666,0.5416666666666667,564.946,579.928,566.546679611437,575.6054793949198,34.47572728176932,-10.715158468881782,-9.046011579101862,567.13
