Date,Open,High,Low,Close,Volume,sentiment_polarity,sentiment_subjectivity
2023-03-21,157.32,159.4,156.54,159.28,73938285.0,0.11420454545454546,0.2694573283858998
2023-03-22,159.3,162.14,157.81,157.83,75349311.0,0.0638783998447864,0.27542472039320776
2023-03-23,158.83,161.5501,157.68,158.93,67482060.0,0.2494524611191278,0.5259300144300144
2023-03-24,158.86,160.34,157.85,160.25,59006343.0,0.14515111431778097,0.33428972262305595
2023-03-27,159.94,160.77,157.87,158.28,52390266.0,0.13322416395333062,0.38170829941663276
2023-03-28,157.97,158.49,155.98,157.65,45992152.0,0.09643580225817068,0.382578969519759
2023-03-29,159.37,161.05,159.35,160.77,51305691.0,0.06966021324354658,0.3594166666666666
2023-03-30,161.53,162.47,161.271,162.36,49210289.0,0.07591260822510822,0.33431646825396827
2023-03-31,162.44,165.0,161.91,164.9,68749792.0,0.2030718561274117,0.45694497888942337
2023-04-03,164.27,166.29,164.22,166.17,56976187.0,0.20487948014874893,0.3886642897067798
2023-04-04,166.595,166.84,165.11,165.63,46278295.0,0.12260105018438351,0.2797022206188873
2023-04-05,164.74,165.05,161.8,163.76,51511744.0,0.17558457341269842,0.44641567460317455
2023-04-06,162.43,164.9584,162.0,164.66,45390123.0,0.06324787712287713,0.3777228535353535
2023-04-10,161.42,162.03,160.08,162.03,47670382.0,0.11135477495248029,0.35489808588788735
2023-04-11,162.35,162.36,160.51,160.8,47494217.0,0.047438280318715095,0.4459512568751699
2023-04-12,161.22,162.06,159.78,160.1,50133062.0,0.040963203463203465,0.30867965367965366
2023-04-13,161.63,165.8,161.42,165.56,68418649.0,0.1207218567251462,0.28740386121553885
2023-04-14,164.59,166.32,163.82,165.21,49314480.0,0.13745954442383013,0.39662245988138844
2023-04-17,165.09,165.39,164.03,165.23,41516217.0,0.11329041465070877,0.4009410632940045
2023-04-18,166.1,167.41,165.65,166.47,49915508.0,0.17259062366205224,0.3227577184720042
2023-04-19,165.8,168.16,165.54,167.63,47621166.0,0.14111926067089112,0.44168985402681055
2023-04-20,166.09,167.87,165.56,166.65,52456377.0,0.12819890077243018,0.3562566844919786
2023-04-21,165.05,166.4521,164.49,165.02,57736141.0,-0.05089015151515149,0.3323106060606061
2023-04-24,165.0,165.6,163.89,165.33,41449581.0,0.10554606247661803,0.2642930444041555
2023-04-25,165.19,166.305,163.73,163.77,48652863.0,0.1444837512025012,0.41743536556036553
2023-04-26,163.055,165.28,162.8,163.76,45487296.0,0.13103305785123967,0.41139807162534436
2023-04-27,165.19,168.56,165.19,168.41,64898729.0,0.10184605407819694,0.38382184944684944
2023-04-28,168.49,169.85,167.8801,169.68,55275851.0,0.14229024943310659,0.5533219954648526
2023-05-01,169.28,170.45,168.64,169.59,52424936.0,0.13419477050727052,0.4490743215118215
2023-05-02,170.09,170.35,167.54,168.54,48425696.0,0.17669285973823698,0.4513870118863935
2023-05-03,169.5,170.92,167.16,167.45,65126998.0,0.17764587842712842,0.45502119408369407
2023-05-04,164.89,167.04,164.31,165.79,81225673.0,0.13199899958580516,0.4594961352947464
2023-05-05,170.975,174.3,170.76,173.57,113402971.0,0.13797283583329703,0.42916463634693336
2023-05-08,172.48,173.85,172.11,173.5,55962634.0,0.08100168783762533,0.34901490292115295
2023-05-09,173.05,173.54,171.6,171.77,45326874.0,0.10912484634706858,0.417814253647587
2023-05-10,173.02,174.03,171.9,173.555,53724501.0,0.0815309042426811,0.32603519013126453
2023-05-11,173.85,174.59,172.17,173.75,49473076.0,0.09056027714115948,0.3398119854002207
2023-05-12,173.62,174.06,171.0,172.57,45533138.0,0.15260006723074906,0.4746331004853732
2023-05-15,173.16,173.21,171.47,172.07,37264259.0,0.0778164800567398,0.47009080025313793
2023-05-16,171.99,173.1383,171.7991,172.07,42110293.0,0.1478594395661157,0.4649141311655516
2023-05-17,171.71,172.925,170.4201,172.69,57934404.0,0.12813020313020312,0.3261238761238761
2023-05-18,173.0,175.24,172.58,175.05,65496657.0,0.13790845320257084,0.392709001238413
2023-05-19,176.39,176.39,174.94,175.16,55525641.0,0.26882236227824463,0.46286000763941937
2023-05-22,173.98,174.71,173.45,174.2,43570932.0,0.19235766412237001,0.36307510753589184
2023-05-23,173.13,173.3794,171.275,171.56,50745163.0,0.04896148989898989,0.30230023448773446
2023-05-24,171.09,172.4183,170.52,171.84,43711588.0,0.12520395756506866,0.337422505478061
2023-05-25,172.41,173.895,171.69,172.99,55889523.0,0.2170680708180708,0.41626678876678874
2023-05-26,173.32,175.77,173.11,175.43,54834975.0,0.08741133432539683,0.5061134785353535
2023-05-30,176.96,178.99,176.57,177.3,55963954.0,0.03119178275428276,0.441320513976764
2023-05-31,177.325,179.35,176.76,177.25,99625288.0,0.1776677368927369,0.42941529581529575
2023-06-01,177.7,180.12,176.9306,180.09,68901712.0,0.18259965728715727,0.3891342742905243
2023-06-02,181.03,181.78,179.26,180.95,61996852.0,0.16450038177424806,0.41126019822046067
2023-06-05,182.63,184.951,178.035,179.58,121722517.0,0.07313485073283443,0.43920172046400857
2023-06-06,179.965,180.12,177.43,179.21,64845314.0,0.13709586004425928,0.4224763074005877
2023-06-07,178.44,181.21,177.32,177.82,61944615.0,0.13425123320834823,0.3707597088493774
2023-06-08,177.895,180.84,177.46,180.57,50210681.0,0.1771762740183793,0.4882581453634085
2023-06-09,181.5,182.23,180.63,180.96,48869360.0,0.0735066813973064,0.37664708844396344
2023-06-12,181.27,183.89,180.97,183.79,54754995.0,0.12552759740259742,0.3706841138659321
2023-06-13,182.8,184.15,182.44,183.31,54867129.0,0.07024188397889114,0.401926013419741
2023-06-14,183.37,184.39,182.02,183.95,57462782.0,0.11490384615384615,0.2953525641025641
2023-06-15,183.96,186.52,183.78,186.01,65433166.0,0.2935714285714286,0.5212380952380953
2023-06-16,186.73,186.99,184.27,184.92,101151225.0,0.20310495303916357,0.37801875268980534
2023-06-20,184.41,186.1,184.41,185.01,49799092.0,0.22208333333333333,0.44180555555555556
2023-06-21,184.9,185.41,182.5901,183.96,49515697.0,0.11561355311355312,0.45082417582417583
2023-06-22,183.74,187.045,183.67,187.0,51245327.0,0.2163627946127946,0.4546835016835017
2023-06-23,185.55,187.56,185.01,186.68,53112346.0,0.036603217044393524,0.3951205330617095
2023-06-26,186.83,188.05,185.23,185.27,48088661.0,0.11112806119983153,0.3956479180043773
2023-06-27,185.89,188.39,185.67,188.06,50731499.0,0.15915272227772229,0.31546245421245417
2023-06-28,187.93,189.9,187.6,189.25,51216801.0,0.07923176206509538,0.3274186307519641
2023-06-29,189.08,190.07,188.94,189.59,46347308.0,0.1312169263485053,0.5004280660859608
2023-06-30,191.63,194.48,191.26,193.97,85068452.0,0.12967825924075924,0.4405582215403644
2023-07-03,193.78,193.88,191.76,192.46,31458198.0,0.16213907620157622,0.4097258991008991
2023-07-05,191.565,192.98,190.62,191.33,46896861.0,0.18352607709750565,0.3473497732426304
2023-07-06,189.84,192.02,189.2,191.81,45155523.0,0.13612289562289562,0.5580930735930736
2023-07-07,191.41,192.67,190.24,190.68,46757498.0,0.30692307692307697,0.4685042735042735
2023-07-10,189.26,189.99,187.035,188.61,59912163.0,0.174937757590381,0.3533757809083692
2023-07-11,189.16,189.3,186.6,188.08,46638119.0,0.16504455741626795,0.4093301310805423
2023-07-12,189.68,191.7,188.47,189.77,60750218.0,0.22711126117113511,0.46414824263038545
2023-07-13,190.5,191.19,189.78,190.54,41337338.0,0.0784969706632653,0.4403608630952381
2023-07-14,190.23,191.1799,189.63,190.69,41616242.0,0.17905483405483405,0.37124779541446207
2023-07-17,191.9,194.32,191.81,193.99,50520159.0,0.08267133520074696,0.24466199813258635
2023-07-18,193.35,194.33,192.415,193.73,48153774.0,0.20718756189344423,0.45753317488611606
2023-07-19,193.1,198.23,192.65,195.1,80492323.0,0.14113552618016903,0.4377927875695733
2023-07-20,195.09,196.47,192.495,193.13,59581196.0,0.17781130634071807,0.475506253006253
2023-07-21,194.1,194.97,191.23,191.94,71451683.0,0.044057666261613636,0.3727093934330777
2023-07-24,193.41,194.91,192.25,192.75,45507451.0,0.1016286817757406,0.4399859943977591
2023-07-25,193.33,194.44,192.915,193.62,37283201.0,0.16832130832130832,0.33140211640211636
2023-07-26,193.67,195.64,193.32,194.5,47471868.0,0.21190156668728097,0.535922902494331
2023-07-27,196.02,197.2,192.55,193.22,47439680.0,0.20454155037214247,0.5100152488228146
2023-07-28,194.67,196.626,194.14,195.83,47691443.0,0.1993836608717561,0.34739638447971777
2023-07-31,196.06,196.49,195.26,196.45,38824113.0,0.12795254927628946,0.3554922952517663
2023-08-01,196.235,196.73,195.28,195.605,35281426.0,0.12962060202869027,0.5271541040658688
2023-08-02,195.04,195.18,191.8507,192.58,50388811.0,0.1314840117444284,0.38607095258136925
2023-08-03,191.57,192.37,190.69,191.17,62243282.0,0.10075598286612836,0.4000072023520999
2023-08-04,185.52,187.38,181.92,181.99,115956841.0,0.1255786427072659,0.4707328063282601
2023-08-07,182.13,183.13,177.35,178.85,97105069.0,0.10950378005847784,0.41287123287051236
2023-08-08,179.69,180.27,177.58,179.8,67769003.0,0.09649546055796056,0.3722820466570467
2023-08-09,180.87,180.93,177.01,178.19,60303492.0,0.04440098261526832,0.40273431594860165
2023-08-10,179.48,180.75,177.6,177.97,54686851.0,0.15111846834365386,0.31644780698584035
2023-08-11,177.32,178.62,176.55,177.79,51036672.0,0.10647450267985982,0.46314677386105957
2023-08-14,177.97,179.69,177.305,179.46,43675627.0,0.09608585858585857,0.2857954545454546
2023-08-15,178.88,179.48,177.05,177.45,43574863.0,0.11472973785473786,0.3831630040484207
2023-08-16,177.13,178.54,176.5,176.57,45712957.0,0.1703426035244217,0.46067263544536274
2023-08-17,177.14,177.5054,173.48,174.0,66054482.0,0.21104401028264663,0.42614138639138643
2023-08-18,172.3,175.1,171.96,174.49,60171878.0,0.11868238936988937,0.48076911976911973
2023-08-21,175.07,176.13,173.735,175.84,46161959.0,0.25737020382073855,0.5216109850735519
2023-08-22,177.06,177.68,176.25,177.23,42057245.0,0.2300084294651056,0.40965838375639513
2023-08-23,178.52,181.55,178.325,181.12,52722752.0,0.18874312483008135,0.4117562791475835
2023-08-24,180.674,181.104,176.01,176.38,54912798.0,0.09314785614292782,0.4183897431388471
2023-08-25,177.38,179.15,175.82,178.61,51439994.0,0.11826902237355455,0.42304030101910217
2023-08-28,180.09,180.59,178.545,180.19,43803238.0,0.16576293826293825,0.43252392408642404
2023-08-29,179.695,184.9,179.5,184.12,52953948.0,0.16538102262739943,0.4695047504830113
2023-08-30,184.94,187.85,184.74,187.65,60803988.0,0.18410690073815075,0.4134478493728494
2023-08-31,187.84,189.12,187.48,187.87,60794467.0,0.18339623917748918,0.5043558029272315
2023-09-01,189.485,189.92,188.28,189.46,45393903.0,0.17798170194003526,0.5793209876543209
2023-09-05,188.28,189.98,187.61,189.7,45280027.0,0.14877526353716833,0.3682556874893184
2023-09-06,188.4,188.85,181.47,182.91,81753366.0,0.08591963591963592,0.46309801309801313
2023-09-07,175.18,178.21,173.54,177.56,112416703.0,0.10418707722175088,0.4189665691836438
2023-09-08,178.35,180.239,177.79,178.18,65402066.0,0.10662917898419336,0.44638367301997883
2023-09-11,180.07,180.3,177.34,179.36,58953052.0,0.10923952331338695,0.4103366711059399
2023-09-12,179.49,180.13,174.82,176.3,90316192.0,0.13043153181221365,0.374042066269339
2023-09-13,176.51,177.3,173.98,174.21,84267928.0,0.11718203410413645,0.42123498537198634
2023-09-14,174.0,176.1,173.58,175.74,60345757.0,0.1497435895727152,0.3231223802652374
2023-09-15,176.48,176.495,173.82,175.01,109259461.0,0.16170905483405484,0.5228657376574044
2023-09-18,176.48,179.38,176.17,177.97,67257573.0,0.08727488137618857,0.4174251158850832
2023-09-19,177.52,179.63,177.13,179.07,51826941.0,0.037790703610879044,0.45068573677784207
2023-09-20,179.26,179.695,175.4,175.49,58436181.0,0.16056727994227996,0.3522691197691198
2023-09-21,174.55,176.3,173.86,173.93,62449116.0,0.05165378988295655,0.41086499919833247
2023-09-22,174.67,177.079,174.05,174.79,56688985.0,0.1476836930705978,0.45034216775288205
2023-09-25,174.2,176.97,174.15,176.08,46172740.0,0.1118851344129122,0.36270144316845704
2023-09-26,174.82,175.2,171.66,171.96,64548945.0,0.07013175118532261,0.3327968331271903
2023-09-27,172.62,173.04,169.05,170.43,66920708.0,0.1616767107726929,0.540277761672851
2023-09-28,169.34,172.03,167.62,170.69,56294419.0,0.15655036943006867,0.4208158003233191
2023-09-29,172.02,173.07,170.341,171.21,51861083.0,0.1384334864740003,0.4456846617434853
2023-10-02,171.22,174.3,170.93,173.75,52156935.0,0.1808786493297363,0.45489357210824605
2023-10-03,172.255,173.63,170.82,172.4,49594613.0,0.28392530419316137,0.5619086006586007
2023-10-04,171.09,174.21,170.97,173.66,53006286.0,0.13385857625878633,0.48000679733172735
2023-10-05,173.79,175.45,172.68,174.91,48527918.0,0.14652177887472007,0.420736982976802
2023-10-06,173.8,177.99,173.18,177.49,57266675.0,0.08827368587953266,0.4501074880913591
2023-10-09,176.81,179.05,175.8,178.99,42344772.0,0.0888143338143338,0.3383032708032708
2023-10-10,178.1,179.72,177.95,178.39,43698019.0,0.11346016012595143,0.3272440577823981
2023-10-11,178.2,179.85,177.6,179.8,47544848.0,0.20914482914377874,0.44524328991503365
2023-10-12,180.07,182.34,179.04,180.71,56743119.0,0.08074700950390605,0.29706527674113886
2023-10-13,181.42,181.93,178.14,178.85,51412082.0,0.10502136752136752,0.3424145299145299
2023-10-16,176.75,179.075,176.51,178.72,52516984.0,0.10121919793169794,0.39019674723424724
2023-10-17,176.645,178.42,174.8,177.15,57549350.0,0.14606284211656115,0.3164373442214351
2023-10-18,175.58,177.575,175.11,175.84,54764375.0,0.22274356816023483,0.4240763557430224
2023-10-19,176.04,177.84,175.19,175.46,59192863.0,0.1451886625479699,0.3544965007735571
2023-10-20,175.31,175.42,172.64,172.88,64211828.0,0.13426459990076062,0.4071734102537674
2023-10-23,170.91,174.01,169.93,173.0,55980109.0,0.21393042163115947,0.45985336896578216
2023-10-24,173.05,173.67,171.45,173.44,43816644.0,0.17048319327731093,0.48020875016673337
2023-10-25,171.88,173.06,170.65,171.1,57156962.0,0.01031768183083972,0.3685879471405787
2023-10-26,170.37,171.3775,165.67,166.89,70625258.0,0.056816124908230174,0.281152375889218
2023-10-27,166.91,168.96,166.83,168.22,58257129.0,0.08532442069806201,0.38269918386766216
2023-10-30,169.02,171.17,168.87,170.29,51239218.0,0.1722048976690521,0.46601885757216643
2023-10-31,169.35,170.9,167.9,170.77,44846017.0,0.14987005198084744,0.4099232913551095
2023-11-01,171.0,174.23,170.12,173.97,56934906.0,0.26924253034547146,0.5774901823474489
2023-11-02,175.52,177.78,175.46,177.57,77292052.0,0.10919021778975482,0.48150106794782715
2023-11-03,174.24,176.82,173.35,176.65,79829246.0,0.15092953632016132,0.5182160576691827
2023-11-06,176.38,179.43,176.21,179.23,63841310.0,0.16215750733184944,0.336573645652593
2023-11-07,179.18,182.44,178.97,181.82,70529966.0,0.08114584714584713,0.3951044161044161
2023-11-08,182.35,183.45,181.59,182.89,49340282.0,0.19468557758031443,0.4547163362952837
2023-11-09,182.96,184.12,181.81,182.41,53631840.0,0.2144099476911977,0.4942083784271284
2023-11-10,183.97,186.565,183.53,186.4,66177922.0,0.16260974179677187,0.299142984382646
2023-11-13,185.82,186.03,184.21,184.8,43627519.0,0.15560407647907645,0.3614606782106782
2023-11-14,187.7,188.11,186.3,187.44,60108378.0,0.21583117639935823,0.5020955307318944
2023-11-15,187.845,189.5,187.78,188.01,53608999.0,0.20026876743626745,0.442041026936027
2023-11-16,189.57,190.96,188.65,189.71,54412915.0,0.08549388979076478,0.48121392496392495
2023-11-17,190.25,190.38,188.57,189.69,50737404.0,0.18353174603174605,0.4415079365079365
2023-11-20,189.89,191.905,189.88,191.45,46538614.0,0.0761154000320667,0.44577833894500557
2023-11-21,191.41,191.52,189.74,190.64,38134485.0,0.1996969696969697,0.3826936026936027
2023-11-22,191.49,192.93,190.825,191.31,39630011.0,0.14881245898709133,0.31282415807231984
2023-11-24,190.87,190.9,189.25,189.97,24018404.0,0.1974772688595788,0.4725123569304856
2023-11-27,189.92,190.67,188.9,189.79,40456609.0,0.0886732585596222,0.19879722550177095
2023-11-28,189.78,191.08,189.4,190.4,38415419.0,0.15552574595543348,0.44890625
2023-11-29,190.9,192.09,188.97,189.37,43014224.0,0.1349837662337662,0.46182259098925765
2023-11-30,189.84,190.32,188.19,189.95,48744366.0,0.17230385201218534,0.564928391053391
2023-12-01,190.33,191.56,189.23,191.24,45676673.0,0.10907888407888408,0.4139931056597723
2023-12-04,189.98,190.05,187.4511,189.43,43389519.0,0.24606582782040756,0.523544070183887
2023-12-05,190.21,194.4,190.18,193.42,66628398.0,0.1895934620934621,0.44792280636030635
2023-12-06,194.45,194.76,192.11,192.32,41055862.0,0.22926253273475494,0.45547578612637085
2023-12-07,193.63,195.0,193.59,194.27,47413955.0,0.15753787878787878,0.36382996632996634
2023-12-08,194.2,195.99,193.67,195.71,53383658.0,0.20066590073008422,0.43672145486855085
2023-12-11,193.11,193.49,191.42,193.18,60943699.0,0.08929413156447151,0.37062189062953005
2023-12-12,193.08,194.72,191.721,194.71,52696900.0,0.23677929360149857,0.39563863008971706
2023-12-13,195.09,198.0,194.85,197.96,70404183.0,0.251032196969697,0.4670988906926407
2023-12-14,198.02,199.62,196.16,198.11,66831572.0,0.20787316441728204,0.4014260249554367
2023-12-15,197.53,198.3999,197.0,197.57,127387901.0,0.2641504351204351,0.43501592074592077
2023-12-18,196.09,196.63,194.39,195.89,55751861.0,0.14451464045214044,0.39532666407666406
2023-12-19,196.16,196.95,195.89,196.94,40714051.0,0.14780802698984516,0.5419008668099576
2023-12-20,196.9,197.68,194.83,194.83,52242815.0,0.13607541581225793,0.39111642743221686
2023-12-21,196.1,197.08,193.5,194.68,46482549.0,0.16278537087118322,0.34183946526395037
2023-12-22,195.18,195.41,192.97,193.6,37149570.0,0.29457292068545265,0.5375310331896009
2023-12-26,193.61,193.89,192.83,193.05,28919310.0,0.2501104797979798,0.5272713744588745
2023-12-27,192.49,193.5,191.09,193.15,48087681.0,0.19768954592484003,0.4599833308397814
2023-12-28,194.14,194.66,193.17,193.58,34049898.0,0.10603675144300144,0.3432814303751804
2023-12-29,193.9,194.4,191.725,192.53,42672148.0,0.11972850603558807,0.3984907553531779
2024-01-02,187.15,188.44,183.885,185.64,81964874.0,0.2587954784600472,0.5098444438780664
2024-01-03,184.22,185.88,183.43,184.25,58414460.0,0.035417134392783746,0.3672273172354341
2024-01-04,182.15,183.0872,180.88,181.91,71878670.0,0.18089449399232008,0.43073674815522645
2024-01-05,181.99,182.76,180.17,181.18,62371161.0,0.08857407407407408,0.4242781479922684
2024-01-08,182.085,185.6,181.5,185.56,59144470.0,0.2019308199516533,0.5038173015256349
2024-01-09,183.92,185.15,182.73,185.14,42841809.0,0.20705174734035028,0.5148374465947996
2024-01-10,184.35,186.4,183.92,186.19,46192908.0,0.08983891241034098,0.2811543800115228
2024-01-11,186.54,187.05,183.62,185.59,49128408.0,0.22912037037037036,0.47056547619047623
2024-01-12,186.06,186.74,185.19,185.92,40477782.0,0.16240259740259738,0.4141991341991342
2024-01-16,182.16,184.26,180.934,183.63,65076641.0,0.15036846948435748,0.4141889345995031
2024-01-17,181.27,182.93,180.3,182.68,47317433.0,0.1778269710087892,0.42800570641479735
2024-01-18,186.09,189.14,185.83,188.63,77722754.0,0.11194973780758094,0.4560250615397674
2024-01-19,189.33,191.95,188.82,191.56,68887985.0,0.07527007031768937,0.41367423383494806
2024-01-22,192.3,195.33,192.26,193.89,60131852.0,0.1413785173160173,0.46835819934034223
2024-01-23,195.02,195.75,193.8299,195.18,42355590.0,0.18538234913234913,0.36656695156695157
2024-01-24,195.42,196.38,194.34,194.5,53631316.0,0.12293480613589311,0.3728650009410879
2024-01-25,195.22,196.2675,193.1125,194.17,54822126.0,0.22106421749395602,0.4975641500988723
2024-01-26,194.27,194.76,191.94,192.42,44587111.0,0.04537978468899522,0.4384790100250626
2024-01-29,192.01,192.2,189.58,191.73,47145622.0,0.16764466495905891,0.5541292170231564
2024-01-30,190.94,191.8,187.47,188.04,55836970.0,0.15526036029942278,0.3939260349025974
2024-01-31,187.04,187.095,184.35,184.4,55467803.0,0.21661935917617736,0.5251685688049325
2024-02-01,183.985,186.95,183.82,186.86,64885408.0,0.14349826279030242,0.4239955740598324
2024-02-02,179.86,187.33,179.25,185.85,102527680.0,0.2174656804516065,0.5182419541692275
2024-02-05,188.15,189.25,185.84,187.68,69654320.0,0.15309691886396432,0.43190668863964315
2024-02-06,186.86,189.31,186.7695,189.3,43490759.0,0.2234903143994053,0.42994807381171013
2024-02-07,190.64,191.05,188.61,189.41,53438955.0,0.23003656854509125,0.504199738077579
2024-02-08,189.385,189.535,187.35,188.32,40962046.0,0.10263257225378439,0.40627228341243493
2024-02-09,188.65,189.99,188.0,188.85,45155216.0,0.1555046460832906,0.5323941968091584
2024-02-12,188.415,188.67,186.79,187.15,41781934.0,0.0959091884091884,0.26328927953927955
2024-02-13,185.77,186.21,183.5128,185.04,56529529.0,0.164624518999519,0.41934169071669075
2024-02-14,185.32,185.53,182.44,184.15,54617917.0,0.16365800865800867,0.34835497835497836
2024-02-15,183.55,184.49,181.35,183.86,65434496.0,0.07838020745488279,0.38572777871479175
2024-02-16,183.42,184.85,181.665,182.31,49752465.0,0.18900241228367776,0.4910872125553903
2024-02-20,181.79,182.43,180.0,181.56,53574453.0,0.09423229291716687,0.40805702280912365
2024-02-21,181.94,182.8888,180.66,182.32,41496371.0,0.192958624527252,0.4040147860490998
2024-02-22,183.48,184.955,182.46,184.37,52284192.0,0.13860384305237247,0.5227269013666073
2024-02-23,185.01,185.04,182.23,182.52,44926677.0,0.1347428902116402,0.35894014550264547
2024-02-26,182.24,182.76,180.65,181.16,40867421.0,0.20276039304610732,0.4310445956160242
2024-02-27,181.1,183.9225,179.56,182.63,54318851.0,0.016847041847041826,0.5476587301587301
2024-02-28,182.51,183.12,180.13,181.42,48943139.0,0.12118727504934401,0.42863015050084013
2024-02-29,181.27,182.57,179.53,180.75,136682597.0,0.13270898901564107,0.5199487824012679
2024-03-01,179.55,180.53,177.38,179.66,73450582.0,0.13361159153346652,0.44961842382154876
2024-03-04,176.15,176.9,173.79,175.1,81505451.0,0.08119185273790537,0.27877791068580543
2024-03-05,170.76,172.04,169.62,170.12,94702355.0,0.14385756709620345,0.392286609294185
2024-03-06,171.06,171.24,168.68,169.12,68568907.0,0.1732012616335755,0.47909612942063573
2024-03-07,169.15,170.73,168.49,169.0,71763761.0,0.1061351504176816,0.39030923893891806
2024-03-08,169.0,173.7,168.94,170.73,76267041.0,0.07124354811854812,0.4326166888666888
2024-03-11,172.94,174.38,172.05,172.75,60139473.0,0.25388288407329107,0.4911845238095238
2024-03-12,173.15,174.03,171.01,173.23,59813522.0,0.1563506510207899,0.42548135956122074
2024-03-13,172.77,173.185,170.76,171.13,52488692.0,0.21598302755445614,0.47469114615543184
2024-03-14,172.91,174.3078,172.05,173.0,72913507.0,0.19348602135920975,0.4658935037050979
2024-03-15,171.17,172.62,170.285,172.62,121752699.0,0.19521240193034048,0.5011622772678166
2024-03-18,175.57,177.71,173.52,173.72,75606556.0,0.13081811028943985,0.408187043871669
2024-03-19,174.34,176.605,173.03,176.08,55215244.0,0.13432584852721782,0.382830594808291
2024-03-20,175.72,178.67,175.09,178.67,53423102.0,0.07114294652520099,0.3864042154109118
2024-03-21,177.05,177.49,170.84,171.37,106181270.0,0.25604915878576234,0.5503990103323614
2024-03-22,171.76,173.05,170.06,172.28,71146138.0,0.10174525640106269,0.46336830896922176
2024-03-25,170.565,171.94,169.45,170.85,54288328.0,0.0826232315095097,0.5283238704173855
2024-03-26,170.0,171.42,169.58,169.71,57388449.0,0.4051060205226872,0.5486136163219497
2024-03-27,170.41,173.6,170.11,173.31,60263665.0,0.12032481330020135,0.46649421989291273
2024-03-28,171.75,172.23,170.51,171.48,65671690.0,0.2355597308183515,0.536712980506084
2024-04-01,171.19,171.25,169.475,170.03,46240500.0,0.22327738864670685,0.5215048745446473
2024-04-02,169.08,169.34,168.2302,168.84,49297581.0,0.08373517223517225,0.424973285973286
2024-04-03,168.79,170.68,168.58,169.65,47691715.0,0.15558276643990926,0.35048299319727894
2024-04-04,170.29,171.92,168.82,168.82,53682486.0,0.2352435064935065,0.46325216450216455
2024-04-05,169.59,170.39,168.95,169.58,42104826.0,0.23799410774410776,0.5588745791245792
2024-04-08,169.03,169.2,168.24,168.45,37425513.0,0.039357864357864356,0.5446408529741863
2024-04-09,168.7,170.08,168.35,169.67,42451209.0,0.1448299357072649,0.46397150482942406
2024-04-10,168.8,169.09,167.11,167.78,49691936.0,0.21893106232391948,0.6234084037655466
2024-04-11,168.34,175.46,168.16,175.04,91053075.0,0.2456147504456328,0.4777340421016891
2024-04-12,174.26,178.36,174.21,176.55,101282386.0,0.12472389713461142,0.43911005500685124
2024-04-15,175.36,176.63,172.5,172.69,70733115.0,0.0846957671957672,0.42413139329806
2024-04-16,171.75,173.76,168.27,169.38,71583932.0,0.14493722943722945,0.36701827801827797
2024-04-17,169.61,170.65,168.0,168.0,48503680.0,0.1802825126262626,0.6193866492303992
2024-04-18,168.03,168.64,166.55,167.04,40735511.0,0.22876984126984126,0.5799603174603175
2024-04-19,166.21,166.4,164.075,165.0,66084170.0,0.10982932499599166,0.33248729357062695
2024-04-22,165.515,167.26,164.77,165.84,46488244.0,0.24901498159650332,0.526569473199908
2024-04-23,165.35,167.05,164.92,166.9,46956672.0,0.0843814620124144,0.45817154538583105
2024-04-24,166.54,169.3,166.21,169.02,47007455.0,0.253603695687029,0.527754529421196
2024-04-25,169.525,170.61,168.1511,169.89,48858902.0,0.17794669086112938,0.365265981790046
2024-04-26,169.88,171.34,169.18,169.3,44014087.0,0.10587524539730421,0.4510209425650602
2024-04-29,173.37,176.03,173.1,173.5,66891905.0,0.12412118563133057,0.4813706565308014
2024-04-30,173.33,174.99,170.0,170.33,64066593.0,0.13229315327529614,0.39531941273012705
2024-05-01,169.58,172.705,169.11,169.3,48416441.0,0.13964598383212934,0.4184148729667306
2024-05-02,172.51,173.415,170.89,173.03,91402452.0,0.05767498972748109,0.308936141783204
2024-05-03,186.645,187.0,182.66,183.38,160948084.0,0.12473929393471303,0.4448808672556236
2024-05-06,182.354,184.2,180.42,181.71,75883763.0,0.14141344868366928,0.32477160094807156
2024-05-07,183.45,184.9,181.32,182.4,74139796.0,0.12867222550177096,0.38055094778958415
2024-05-08,182.85,183.07,181.45,182.74,43762264.0,0.1369072215663125,0.4016882296995934
2024-05-09,182.56,184.66,182.11,184.57,47493785.0,0.07524891774891776,0.29231962481962476
2024-05-10,184.9,185.09,182.13,183.05,48525869.0,0.18717742165066975,0.5079722180089131
2024-05-13,185.435,187.1,184.62,186.28,68586935.0,0.11582268486873751,0.35983217197032985
2024-05-14,187.51,188.3,186.29,187.43,50551025.0,0.2601527510555288,0.4883800304633638
2024-05-15,187.91,190.65,187.37,189.72,67561123.0,0.20264172335600908,0.4826406814372653
2024-05-16,190.47,191.095,189.6601,189.84,51938566.0,0.16062008978675646,0.3940155523488857
2024-05-17,189.51,190.81,189.18,189.87,39819440.0,0.03436853002070393,0.3466356107660456
2024-05-20,189.325,191.9199,189.01,191.04,43637717.0,0.06695362718089991,0.20994523153614064
2024-05-21,191.09,192.73,190.9201,192.35,41192656.0,0.19024713521772346,0.45609724344283165
2024-05-22,192.265,192.8231,190.27,190.9,33510741.0,0.1447053872053872,0.47070917508417515
2024-05-23,190.98,191.0,186.625,186.88,48553611.0,0.31766624579124575,0.4507470538720539
2024-05-24,188.82,190.58,188.0404,189.98,35429737.0,0.2850418142463597,0.4735033779351961
2024-05-28,191.51,193.0,189.1,189.99,51021752.0,-0.0008881892518256148,0.39693983121255844
2024-05-29,189.61,192.247,189.51,190.29,51934816.0,0.15775080348943987,0.516268611439066
2024-05-30,190.76,192.18,190.63,191.29,48211467.0,0.1608243145743146,0.4544115837865838
2024-05-31,191.44,192.57,189.91,192.25,71937580.0,0.04902263374485596,0.4941100823045268
2024-06-03,192.9,194.99,192.52,194.03,48702790.0,0.1254583333333333,0.536
2024-06-04,194.635,195.32,193.0342,194.35,46573003.0,0.12806867784992784,0.33932106782106786
2024-06-05,195.4,196.9,194.87,195.87,53100041.0,0.0979280027767931,0.42062075357438256
2024-06-06,195.685,196.5,194.17,194.48,39591471.0,0.19797206761492478,0.5458048168762455
2024-06-07,194.65,196.94,194.14,196.89,52508446.0,0.13428277089072543,0.4952183482552801
2024-06-10,196.9,197.3,192.15,193.12,95034362.0,0.25669733044733045,0.49614718614718617
2024-06-11,193.65,207.16,193.63,207.15,169677009.0,0.09202556536587636,0.3840041457744807
2024-06-12,207.37,220.2,206.9,213.07,197067068.0,0.05426981423991399,0.4421546616481314
2024-06-13,214.74,216.75,211.6,214.24,96562134.0,0.060829052913031256,0.3651793001889751
2024-06-14,213.85,215.17,211.3,212.49,69150814.0,0.19945821854912765,0.48688333551969915
2024-06-17,213.37,218.95,212.72,216.67,92964543.0,0.19899290524290525,0.43651845839345843
2024-06-18,217.59,218.63,213.0,214.29,78534656.0,0.06698879551820729,0.325812324929972
2024-06-20,213.93,214.24,208.85,209.68,83863022.0,0.07123931623931624,0.3687179487179487
2024-06-21,210.39,211.89,207.11,207.49,204018186.0,-0.05236354380268854,0.4623899948735475
2024-06-24,207.72,212.7,206.59,208.14,76303387.0,0.13027840846022662,0.4382684424161697
2024-06-25,209.15,211.38,208.61,209.07,54266550.0,0.08519368858654573,0.3674059901738473
2024-06-26,211.5,214.86,210.64,213.25,64531178.0,0.15538204813605883,0.5596578273182552
2024-06-27,214.69,215.7395,212.35,214.1,48631748.0,0.14730902777777777,0.5245659722222222
2024-06-28,215.77,216.07,210.3,210.62,80927625.0,0.10187085137085138,0.3806369648869649
2024-07-01,212.09,217.51,211.92,216.75,59475152.0,0.29549062049062047,0.49899666305916307
2024-07-02,216.15,220.38,215.1,220.27,57112299.0,0.1471387987012987,0.4376352813852814
2024-07-03,220.0,221.55,219.03,221.55,36707517.0,0.13950195089997722,0.5093042027417027
2024-07-05,221.65,226.45,221.65,226.34,58287571.0,0.15161776495109827,0.4358755210838544
2024-07-08,227.09,227.85,223.25,227.82,57456163.0,0.14144038069773365,0.46890095280536453
2024-07-09,227.93,229.4,226.3721,228.68,47531745.0,0.27708013577331764,0.5322764167650531
2024-07-10,229.3,233.08,229.25,232.98,61539280.0,0.17800992883379246,0.39377066115702475
2024-07-11,231.39,232.39,225.77,227.57,63197762.0,0.13865765434961863,0.4914076350237065
2024-07-12,228.92,232.64,228.68,230.54,51621443.0,0.3435811237373737,0.7497553661616162
2024-07-15,236.48,237.23,233.09,234.4,60513737.0,0.12623762738997113,0.47482983668530543
2024-07-16,235.0,236.27,232.33,234.82,38468546.0,0.1867012987012987,0.4290854978354979
2024-07-17,229.45,231.4599,226.64,228.88,55878906.0,0.11225846123573396,0.48745818575364025
2024-07-18,230.28,230.44,222.27,224.18,64346030.0,0.11225846123573396,0.48745818575364025
2024-07-19,224.82,226.8,223.275,224.31,48020038.0,0.24148851148851147,0.5152660160352468
2024-07-22,227.01,227.78,223.09,223.96,44958139.0,0.19359352453102452,0.4728617295403009
2024-07-23,224.365,226.94,222.68,225.01,37919040.0,0.11702252112966398,0.4344189342403628
2024-07-24,224.0,224.8,217.13,218.54,59687424.0,0.26075,0.6468611111111111
2024-07-25,218.93,220.85,214.62,217.49,50451768.0,0.26075,0.6468611111111111
2024-07-26,218.7,219.49,216.01,217.96,39827645.0,0.12934854497354495,0.5192294973544973
2024-07-29,216.96,219.3,215.75,218.24,35153729.0,0.13844444444444443,0.5291428571428571
2024-07-30,219.19,220.325,216.12,218.8,40681625.0,0.14326388888888889,0.5924305555555556
2024-07-31,221.44,223.82,220.63,222.08,48422974.0,0.09541666666666665,0.41666666666666663
2024-08-01,224.37,224.48,217.02,218.36,61125243.0,0.06388888888888888,0.5354166666666667
2024-08-02,219.15,225.6,217.71,219.86,102635321.0,0.06727954144620811,0.4051609347442681
2024-08-05,199.09,213.5,196.0,209.27,119382508.0,0.060388733565816886,0.5832590538319705
2024-08-06,205.3,209.99,201.07,207.23,69545387.0,0.12435064935064934,0.42700216450216455
2024-08-07,206.9,213.64,206.39,209.82,60109650.0,0.14726190476190476,0.45992063492063495
2024-08-08,213.11,214.2,208.83,213.31,45466136.0,0.21281565656565657,0.5429503367003367
2024-08-09,212.1,216.78,211.97,216.24,40764531.0,0.1439642857142857,0.5556428571428571
2024-08-12,216.07,219.5099,215.6,217.53,36533169.0,-0.0008191609977324257,0.4696107331821618
2024-08-13,219.01,221.89,219.01,221.27,42281135.0,0.17175595238095237,0.571875
2024-08-14,220.57,223.03,219.7,221.72,40535664.0,0.2146445105820106,0.5745337301587301
2024-08-15,224.6,225.35,222.76,224.72,44961298.0,0.25285714285714284,0.7111904761904763
2024-08-16,223.92,226.8271,223.6501,226.05,42388970.0,0.15246031746031746,0.44515873015873014
2024-08-19,225.72,225.99,223.04,225.89,39167926.0,0.06426767676767678,0.5615404040404041
2024-08-20,225.77,227.17,225.45,226.51,29528757.0,0.20091390091390093,0.45388407888407895
2024-08-21,226.52,227.98,225.05,226.4,33953349.0,0.30880952380952376,0.4988095238095238
2024-08-22,227.79,228.34,223.9,224.53,38144864.0,0.1724242424242424,0.45696969696969697
2024-08-23,225.6589,228.22,224.33,226.84,38051965.0,0.21927128427128428,0.372994227994228
2024-08-26,226.76,227.28,223.8905,227.18,27855445.0,0.21236952861952862,0.44243987493987497
2024-08-27,225.995,228.85,224.89,228.03,35071175.0,0.2268968253968254,0.4677460317460318
2024-08-28,227.92,229.86,225.68,226.49,36936833.0,0.007559523809523812,0.35709020146520143
2024-08-29,230.1,232.92,228.88,229.79,51072782.0,0.10042309670781892,0.39965406378600826
2024-08-30,230.19,230.4,227.48,229.0,50340308.0,0.35263455129526555,0.6369013261870404
2024-09-03,228.55,229.0,221.17,222.77,49286866.0,0.1288888888888889,0.508888888888889
2024-09-04,221.66,221.78,217.48,220.85,42699700.0,0.04650297619047619,0.4783482142857143
2024-09-05,221.625,225.48,221.52,222.38,34772036.0,0.31107142857142855,0.7163095238095238
2024-09-06,223.95,225.24,219.77,220.82,45965359.0,0.03442680776014109,0.663776455026455
2024-09-09,220.82,221.27,216.71,220.91,65865433.0,0.06309974747474749,0.4698232323232323
2024-09-10,218.92,221.48,216.73,220.11,51131372.0,0.022958211856171036,0.6682905733722061
2024-09-11,221.455,223.09,217.89,222.66,42551999.0,0.09742063492063492,0.5111111111111111
2024-09-12,222.5,223.55,219.82,222.77,36818998.0,0.20119949494949493,0.5093885281385281
2024-09-13,223.58,224.04,221.91,222.5,36462779.0,0.11687532209853638,0.536834029066172
2024-09-16,216.54,217.22,213.92,216.32,58316431.0,0.028379629629629623,0.40842592592592597
2024-09-17,215.75,216.9,214.5,216.79,44001409.0,0.07677489177489177,0.51178841991342
2024-09-18,217.55,222.71,217.54,220.69,59023399.0,0.06940476190476193,0.5103571428571428
2024-09-19,224.99,229.82,224.63,228.87,65015591.0,-0.11858796296296298,0.6697685185185185
2024-09-20,229.97,233.09,227.62,228.2,278588717.0,0.0708710188620903,0.5317476422387137
2024-09-23,227.34,229.45,225.81,226.47,50709047.0,0.10584696969696972,0.572880303030303
2024-09-24,228.645,229.35,225.73,227.37,41499749.0,0.06734410430839002,0.4958481597767312
2024-09-25,224.93,227.29,224.02,226.37,39976689.0,0.17358796296296297,0.5057175925925926
2024-09-26,227.3,228.5,225.41,227.52,34812774.0,0.14500000000000002,0.5288888888888889
2024-09-27,228.46,229.52,227.3,227.79,31421839.0,0.16444444444444442,0.5105555555555555
2024-09-30,230.04,233.0,229.65,233.0,52877673.0,0.16444444444444442,0.5105555555555555
2024-10-01,229.52,229.65,223.74,226.21,59761880.0,0.11752670411598984,0.4398532175496461
2024-10-02,225.89,227.37,223.02,226.78,31929459.0,0.103125,0.721875
2024-10-03,225.14,226.805,223.32,225.67,32633355.0,0.39790404040404037,0.6456986531986532
2024-10-04,227.9,228.0,224.13,226.8,35647254.0,-0.062045454545454536,0.519090909090909
2024-10-07,224.5,225.69,221.33,221.69,37595470.0,0.08066265331890331,0.4941896645021645
2024-10-08,224.3,225.98,223.25,225.77,30387437.0,0.17893804112554113,0.4402448593073593
2024-10-09,225.23,229.75,224.83,229.54,31586075.0,0.22950925925925927,0.65725
2024-10-10,227.78,229.5,227.17,229.04,27135650.0,0.4333333333333333,0.7333333333333333
2024-10-11,229.3,229.41,227.34,227.55,30412936.0,0.23083671536796538,0.534691332972583
2024-10-14,228.7,231.73,228.6,231.3,34386471.0,0.10445075757575757,0.5525568181818181
2024-10-15,233.61,237.49,232.37,233.85,60799239.0,0.35611471861471866,0.6713744588744589
2024-10-16,231.6,232.12,229.84,231.78,33354125.0,0.114427398989899,0.46655594636844633
2024-10-17,233.43,233.85,230.52,232.15,29019084.0,0.005418398268398269,0.6078002164502164
2024-10-18,236.18,236.18,234.01,235.0,43643976.0,0.1676002370645228,0.5254503631289346
2024-10-21,234.45,236.85,234.45,236.48,34128130.0,0.20966269841269838,0.41037698412698415
2024-10-22,233.885,236.22,232.6,235.86,35412947.0,0.17892255892255893,0.5907263107263107
2024-10-23,234.08,235.144,227.76,230.76,51447561.0,0.08651718431480336,0.4678796754391992
2024-10-24,229.98,230.82,228.41,230.57,28895111.0,0.24334467120181405,0.5646575963718821
2024-10-25,229.74,233.22,229.57,231.41,36791251.0,0.05029148629148629,0.4817070707070707
2024-10-28,233.32,234.73,232.55,233.4,32964281.0,0.04964015151515151,0.5835714285714285
2024-10-29,233.1,234.325,232.32,233.67,31895656.0,0.12936948853615518,0.41197971781305115
2024-10-30,232.61,233.2299,229.55,230.1,44279666.0,0.19214285714285714,0.5954761904761904
2024-10-31,229.34,229.83,225.37,225.91,60034650.0,0.03362367724867724,0.5006322751322752
2024-11-01,220.965,225.35,220.27,222.91,61791843.0,0.16065608465608466,0.5156276455026455
2024-11-04,220.99,222.79,219.71,222.01,40921729.0,0.17150410353535353,0.5532486321548822
2024-11-05,221.795,223.95,221.14,223.45,27254038.0,0.1545606060606061,0.4772632446918161
2024-11-06,222.61,226.065,221.19,222.72,51811157.0,0.2565007215007215,0.6344693362193362
2024-11-07,224.625,227.875,224.57,227.48,40121817.0,0.3181868686868687,0.5508358585858586
2024-11-08,227.17,228.66,226.405,226.96,36726907.0,0.17174242424242425,0.5961493506493507
2024-11-11,225.0,225.7,221.5,224.23,39502207.0,0.03771070075757576,0.39790719696969695
2024-11-12,224.55,225.59,223.355,224.23,37632672.0,0.15436507936507934,0.3196428571428571
2024-11-13,224.01,226.65,222.76,225.12,43061316.0,0.21378607503607505,0.5869047619047619
2024-11-14,225.02,228.87,225.0,228.22,41725049.0,0.05048484848484848,0.284030303030303
2024-11-15,226.4,226.92,224.27,225.0,45374616.0,0.20285714285714285,0.6076587301587301
2024-11-18,225.25,229.74,225.17,228.02,41049409.0,0.0625,0.3458333333333334
2024-11-19,226.98,230.16,226.66,228.28,34221103.0,0.18296957671957673,0.498015873015873
2024-11-20,228.06,229.93,225.89,229.0,33560741.0,-0.005364583333333341,0.5177529761904761
2024-11-21,228.88,230.155,225.7103,228.52,38582294.0,-0.020416666666666666,0.6645833333333333
2024-11-22,228.06,230.7199,228.06,229.87,35459680.0,0.3971832482993197,0.7796237244897959
2024-11-25,231.46,233.245,229.74,232.87,79840237.0,0.23571212121212123,0.5821515151515151
2024-11-26,233.33,235.57,233.33,235.06,44049660.0,0.30185185185185187,0.537962962962963
2024-11-27,234.465,235.69,233.8101,234.93,31604402.0,0.19716666666666666,0.6436111111111111
2024-11-29,234.805,237.81,233.97,237.33,25317735.0,0.08817460317460317,0.3722619047619048
2024-12-02,237.27,240.79,237.16,239.59,40549156.0,0.11441396103896104,0.4251030844155844
2024-12-03,239.81,242.76,238.9,242.65,36257276.0,0.4236607142857143,0.681146978021978
2024-12-04,242.87,244.11,241.25,243.01,39533068.0,0.13244047619047616,0.4715939153439153
2024-12-05,243.99,244.54,242.13,243.04,35946469.0,0.0209563492063492,0.5423849206349206
2024-12-06,242.905,244.63,242.08,242.84,34194099.0,0.0775,0.4183333333333333
2024-12-09,241.83,247.24,241.75,246.75,40927114.0,0.08333333333333333,0.769047619047619
2024-12-10,246.89,248.21,245.34,247.77,35651201.0,0.03835884353741497,0.4488010204081632
2024-12-11,247.96,250.8,246.2601,246.49,39942729.0,0.1526190476190476,0.40558201058201054
2024-12-12,246.89,248.74,245.68,247.96,30928444.0,0.21209866522366522,0.5535110028860029
2024-12-13,247.815,249.2902,246.24,248.13,31374086.0,0.1038989898989899,0.4616818181818182
2024-12-16,247.99,251.38,247.65,251.04,47492968.0,0.0886014332889333,0.3628805916305916
2024-12-17,250.08,253.83,249.78,253.48,48667525.0,0.1953125,0.640625
2024-12-18,252.16,254.28,247.74,248.05,54566547.0,0.10495021645021645,0.40579437229437226
2024-12-19,247.5,252.0,247.0949,249.79,52851291.0,-0.07394179894179893,0.5519841269841269
2024-12-20,248.04,255.0,245.69,254.49,139662529.0,-0.07394179894179893,0.5519841269841269
2024-12-23,254.77,255.65,253.45,255.27,38465273.0,0.06555476190476191,0.4953956349206349
2024-12-24,255.49,258.21,255.29,258.2,22420512.0,0.08601591309924643,0.5403256774090107
2024-12-26,258.19,260.1,257.63,259.02,26226173.0,0.18462962962962962,0.5732407407407407
2024-12-27,257.83,258.7,253.06,255.59,40542367.0,0.02774943310657596,0.4923185941043084
2024-12-30,252.23,253.5,250.75,252.2,33166048.0,0.02774943310657596,0.4923185941043084
2024-12-31,252.44,253.28,249.43,250.42,34284191.0,-0.07858585858585859,0.6126767676767676
2025-01-02,248.93,249.1,241.8201,243.85,54125614.0,-0.07858585858585859,0.6126767676767676
2025-01-03,243.36,244.18,241.89,243.36,38846213.0,0.014242424242424246,0.4265719696969697
2025-01-06,244.31,247.33,243.2,245.0,42063243.0,0.076010101010101,0.517507215007215
2025-01-07,242.98,245.55,241.35,242.21,39313128.0,0.1475992063492063,0.669265873015873
2025-01-08,241.92,243.7123,240.05,242.7,33056099.0,0.024313492063492058,0.45383730158730157
2025-01-10,240.01,240.16,233.0,236.85,56399864.0,0.0963888888888889,0.5779166666666666
2025-01-13,233.53,234.67,229.72,234.4,45530515.0,-0.03390873015873016,0.529265873015873
2025-01-14,234.75,236.12,232.472,233.28,33852591.0,0.15264880952380952,0.5617460317460317
2025-01-15,234.635,238.96,234.43,237.87,36624112.0,0.08571699134199134,0.6478760822510823
2025-01-16,237.35,238.01,228.03,228.26,67323730.0,0.027052154195011335,0.6043990929705216
2025-01-17,232.115,232.29,228.48,229.98,65458807.0,-0.006018518518518516,0.36620370370370364
2025-01-21,224.0,224.42,219.38,222.64,89886651.0,0.07536471861471862,0.45713961038961043
2025-01-22,219.79,224.12,219.79,223.83,57445670.0,0.004900000000000003,0.7374333333333334
2025-01-23,224.74,227.03,222.3,223.66,57755057.0,0.12663852813852813,0.5767792207792207
2025-01-24,224.78,225.63,221.41,222.78,53014368.0,0.14444444444444443,0.5777777777777778
2025-01-27,224.02,232.15,223.98,229.86,90457014.0,0.0691468253968254,0.61
2025-01-28,230.85,240.19,230.81,238.26,72794131.0,0.2752222222222222,0.5394444444444445
2025-01-29,234.12,239.855,234.01,239.36,43732107.0,0.05499663299663301,0.5386457431457431
2025-01-30,238.665,240.79,237.21,237.59,53505269.0,0.09055555555555556,0.6376984126984127
2025-01-31,247.19,247.19,233.44,236.0,90128602.0,0.2776231812169312,0.5625512566137566
2025-02-03,229.99,231.83,225.7,228.01,69584256.0,0.042249999999999996,0.55525
2025-02-04,227.25,233.13,226.65,232.8,41630390.0,0.20512746512746513,0.5797631072631072
2025-02-05,228.53,232.67,228.27,232.47,37442981.0,0.08055555555555555,0.38055555555555554
2025-02-06,231.285,233.8,230.425,233.22,28421367.0,0.14050925925925925,0.5648148148148148
2025-02-07,232.6,234.0,227.26,227.63,37787606.0,0.15709280303030304,0.5513832521645021
2025-02-10,229.57,230.585,227.2,227.65,30219759.0,-0.041666666666666664,0.20833333333333334
2025-02-11,228.2,235.23,228.13,232.62,49166992.0,-0.0005952380952380931,0.42023809523809524
2025-02-12,231.2,236.96,230.68,236.87,43169179.0,0.16416320346320346,0.4208995670995671
2025-02-13,236.91,242.3399,235.57,241.53,49812866.0,0.03898268398268399,0.4171645021645021
2025-02-14,241.25,245.55,240.99,244.6,38900219.0,0.07675189393939394,0.545596590909091
2025-02-18,244.15,245.18,241.84,244.47,41017789.0,0.039475709475709476,0.619107744107744
2025-02-19,244.66,246.01,243.1604,244.87,29840833.0,0.20729437229437228,0.5107312925170068
2025-02-20,244.94,246.78,244.29,245.83,29572279.0,0.10371428571428572,0.48745238095238097
2025-02-21,245.95,248.69,245.22,245.55,51512975.0,0.25048944805194806,0.6506523268398268
2025-02-24,244.925,248.86,244.42,247.1,47951624.0,0.24701785714285715,0.4858095238095238
2025-02-25,248.0,250.0,244.91,247.04,44242095.0,0.1625,0.32916666666666666
2025-02-26,244.33,244.98,239.13,240.36,40678483.0,0.10258928571428574,0.5423511904761904
2025-02-27,239.41,242.46,237.06,237.3,38720764.0,0.45414965986394557,0.6870068027210884
2025-02-28,236.95,242.09,230.2,241.84,52500888.0,0.12483405483405484,0.5781036556036555
2025-03-03,241.79,244.0272,236.112,238.03,43107096.0,0.15114087301587303,0.299781746031746
2025-03-04,237.705,240.07,234.68,235.93,51741183.0,0.3026666666666667,0.446
2025-03-05,235.42,236.55,229.23,235.74,42312189.0,0.07303075396825395,0.5018948412698412
2025-03-06,234.435,237.86,233.1581,235.33,43505844.0,-0.10243055555555555,0.43969907407407405
2025-03-07,235.105,241.37,234.76,239.07,44435518.0,0.1597521645021645,0.5719632034632034
2025-03-10,235.54,236.16,224.22,227.48,69530324.0,0.17958333333333334,0.5929166666666666
2025-03-11,223.805,225.8399,217.45,220.84,72312581.0,0.057291666666666664,0.3510416666666667
2025-03-12,220.14,221.75,214.91,216.98,61482121.0,0.10879677729677728,0.7015486411736411
2025-03-13,215.95,216.8394,208.42,209.68,59752532.0,-0.13749999999999998,0.6197916666666667
2025-03-14,211.25,213.95,209.58,213.49,57381874.0,0.17638888888888887,0.6638888888888888
2025-03-17,213.31,215.22,209.97,214.0,44982317.0,0.2769848484848485,0.5486969696969697
2025-03-18,214.16,215.15,211.49,212.69,41267911.0,0.10614598364598364,0.35323352573352573
2025-03-19,214.22,218.76,213.75,215.24,52501280.0,0.24285714285714285,0.5511904761904762
